ID,Name,Icon,Scale,DisplayID,ModelFileID,FileName
1,Fossilized Raptor,ability_mount_fossilizedraptor,1,34410,405425,creature/skeletalraptor/skeletalraptormount.m2
2,Reins of the Golden King,inv_mount_allianceliong,1.5,36213,458542,creature/guildcreatures/alliancelionmount/alliancelionmount.m2
3,Goblin Trike Key,inv_misc_key_03,1,35249,431580,creature/goblintrike/goblintrike02.m2
4,Goblin Turbo-Trike Key,inv_misc_key_04,1,28470,249645,world/expansion02/doodads/ulduar/ul_stalagtit_01.m2
5,Reins of the Brown Riding Camel,ability_mount_camel_brown,1.25,35136,384457,creature/camel/camelmount.m2
6,Reins of the Tan Riding Camel,ability_mount_camel_tan,1.25,35134,384457,creature/camel/camelmount.m2
7,Reins of the Grey Riding Camel,ability_mount_camel_gray,1.25,35135,384457,creature/camel/camelmount.m2
8,Scepter of Azj'Aqir,trade_archaeology_sceptor-of-azaqir,1,15672,125687,creature/ridingsilithid/ridingsilithid.m2
9,Reins of the Spectral Steed,inv_mount_spectralhorse,1,37160,464001,creature/ridinghorse/ridinghorsespectral.m2
10,Reins of the Spectral Wolf,inv_mount_spectralwolf,1.2,37159,464116,creature/ridingdirewolfspectral/ridingdirewolfspectral.m2
11,Reins of the Kor'kron Annihilator,inv_mount_hordescorpiong,2.5,37138,463776,creature/hordescorpionmount/hordescorpionmount.m2
12,Armored Razzashi Raptor,ability_mount_raptor,1,14341,125649,creature/ridingraptor/pvpridingraptor.m2
13,Swift Zulian Panther,ability_mount_blackpanther,1.5,37799,124052,creature/frostsabre/ridingfrostsabre.m2
14,Savage Raptor,ability_mount_raptor,1,38048,125680,creature/ridingraptor/ridingraptor.m2
15,Amani Battle Bear,ability_druid_challangingroar,1.35,38261,123058,creature/bearmount/bearmount.m2
16,Reins of the Vicious War Steed,ability_mount_alliancepvpmount,1.05,38668,523189,creature/alliancepvpmount/alliancepvpmount.m2
17,Horn of the Vicious War Wolf,ability_mount_hordepvpmount,1.2,38607,523497,creature/hordepvpmount/hordepvpmount.m2
18,Flametalon of Alysrazor,ability_mount_fireravengodmount,1,38783,526575,creature/fireravengodmount/fireravengodmount.m2
19,Swift Shorestrider,ability_hunter_pet_tallstrider,1,17011,2323979,creature/tallstrider2/tallstrider2.m2
20,Swift Forest Strider,ability_hunter_pet_tallstrider,1,1281,2323979,creature/tallstrider2/tallstrider2.m2
21,Swift Springstrider,ability_hunter_pet_tallstrider,1,16992,2323979,creature/tallstrider2/tallstrider2.m2
22,Swift Lovebird,ability_hunter_pet_tallstrider,1,1961,2323979,creature/tallstrider2/tallstrider2.m2
23,White Riding Camel,ability_mount_camel_gray,1.25,37204,384457,creature/camel/camelmount.m2
24,Darkmoon Dancing Bear,ability_hunter_pet_bear,1.35,39060,532825,creature/bearmountalt/bearmountalt_darkmoonfaire.m2
25,Mountain Horse,ability_mount_ridinghorse,1,39096,1519794,creature/horse3/horse3.m2
26,Swift Mountain Horse,ability_mount_ridinghorse,1,39095,1519794,creature/horse3/horse3.m2
27,Reins of the Azure Water Strider,ability_mount_waterstridermount,1,41711,593209,creature/waterstrider/waterstridermount.m2
28,Reins of the Green Dragon Turtle,ability_mount_pandaranmountgreen,1.6,42250,606385,creature/dragonturtle/ridingdragonturtle.m2
29,Reins of the Great Red Dragon Turtle,ability_mount_pandaranmountepicred,1.6,42352,606557,creature/dragonturtle/ridingdragonturtleepic.m2
30,Reins of the Grand Expedition Yak,ability_mount_travellersyakmount,1,17699,125718,creature/ridingwyvern/ridingwyvern.m2
31,Reins of the Amber Scorpion,ability_mount_hordescorpionamber,2.5,43090,463776,creature/hordescorpionmount/hordescorpionmount.m2
32,Goblin Trike,inv_misc_key_03,1,35249,431580,creature/goblintrike/goblintrike02.m2
33,Goblin Turbo-Trike,inv_misc_key_04,1,35250,431572,creature/goblintrike/goblintrike01.m2
34,Reins of the Azure Riding Crane,ability_mount_cranemountblue,0.5,35413,234665,creature/hordedeckgun/hordedeckgun.m2
35,Reins of the Golden Riding Crane,ability_mount_cranemount,1.25,43705,615490,creature/crane/cranemount.m2
36,Reins of the Regal Riding Crane,ability_mount_cranemountpurple,1.25,43706,615490,creature/crane/cranemount.m2
37,Reins of the Grey Riding Yak,ability_mount_yakmountgrey,1.25,43711,537008,creature/ridingyak/ridingyak.m2
38,Reins of the Crimson Water Strider,ability_mount_waterstridermount,1,43713,593209,creature/waterstrider/waterstridermount.m2
39,Reins of the Black Dragon Turtle,ability_mount_pandaranmountblack,1.6,43717,606385,creature/dragonturtle/ridingdragonturtle.m2
40,Reins of the Blue Dragon Turtle,ability_mount_pandaranmountblue,1.6,43718,606385,creature/dragonturtle/ridingdragonturtle.m2
41,Reins of the Brown Dragon Turtle,ability_mount_pandaranmountbrown,1.6,43719,606385,creature/dragonturtle/ridingdragonturtle.m2
42,Reins of the Purple Dragon Turtle,ability_mount_pandaranmountpurple,1.6,43720,606385,creature/dragonturtle/ridingdragonturtle.m2
43,Reins of the Red Dragon Turtle,ability_mount_pandaranmountred,1.6,43721,606385,creature/dragonturtle/ridingdragonturtle.m2
44,Reins of the Great Green Dragon Turtle,ability_mount_pandaranmountepic,1.6,43722,606557,creature/dragonturtle/ridingdragonturtleepic.m2
45,Reins of the Great Black Dragon Turtle,ability_mount_pandaranmountepicblack,1.5,35361,386839,creature/deathwing/deathwing.m2
46,Reins of the Great Blue Dragon Turtle,ability_mount_pandaranmountepicblue,1.6,43724,606557,creature/dragonturtle/ridingdragonturtleepic.m2
47,Reins of the Great Brown Dragon Turtle,ability_mount_pandaranmountepicbrown,1.6,43725,606557,creature/dragonturtle/ridingdragonturtleepic.m2
48,Reins of the Great Purple Dragon Turtle,ability_mount_pandaranmountepicpurple,1.6,43726,606557,creature/dragonturtle/ridingdragonturtleepic.m2
49,Brown Riding Camel,ability_mount_camel_brown,1.25,35136,384457,creature/camel/camelmount.m2
50,Tan Riding Camel,ability_mount_camel_tan,1.25,35134,384457,creature/camel/camelmount.m2
51,Grey Riding Camel,ability_mount_camel_gray,1.25,35135,384457,creature/camel/camelmount.m2
52,Reins of the Green Shado-Pan Riding Tiger,ability_mount_siberiantigermount,1.5,44759,632248,creature/siberiantiger/siberiantigermount.m2
53,Reins of the Red Shado-Pan Riding Tiger,ability_mount_siberiantigermount,1.5,44757,632248,creature/siberiantiger/siberiantigermount.m2
54,Reins of the Blue Shado-Pan Riding Tiger,ability_mount_siberiantigermount,1.5,43900,632248,creature/siberiantiger/siberiantigermount.m2
55,Reins of the Brown Riding Goat,ability_mount_goatmountbrown,0.75,44807,648080,creature/goat/goatmount.m2
56,Reins of the White Riding Goat,ability_mount_goatmountwhite,0.75,44837,648080,creature/goat/goatmount.m2
57,Reins of the Black Riding Goat,ability_mount_goatmountblack,0.75,44836,648080,creature/goat/goatmount.m2
58,Son of Galleon's Saddle,inv_mushanbeastmount,0.6,45264,646374,creature/mushanbeast/mushanbeastmount.m2
59,Golden King,inv_mount_allianceliong,1.5,36213,458542,creature/guildcreatures/alliancelionmount/alliancelionmount.m2
60,Reins of the Green Dragon Turtle,ability_mount_pandaranmountgreen,1.6,42250,606385,creature/dragonturtle/ridingdragonturtle.m2
61,Reins of the Brown Dragon Turtle,ability_mount_pandaranmountbrown,1.6,43719,606385,creature/dragonturtle/ridingdragonturtle.m2
62,Reins of the Purple Dragon Turtle,ability_mount_pandaranmountpurple,1.6,43720,606385,creature/dragonturtle/ridingdragonturtle.m2
63,Reins of the Red Dragon Turtle,ability_mount_pandaranmountred,1.6,43721,606385,creature/dragonturtle/ridingdragonturtle.m2
64,Reins of the Black Dragon Turtle,ability_mount_pandaranmountblack,1.6,43717,606385,creature/dragonturtle/ridingdragonturtle.m2
65,Reins of the Blue Dragon Turtle,ability_mount_pandaranmountblue,1.6,43718,606385,creature/dragonturtle/ridingdragonturtle.m2
66,Reins of the Great Red Dragon Turtle,ability_mount_pandaranmountepicred,1.6,42352,606557,creature/dragonturtle/ridingdragonturtleepic.m2
67,Reins of the Great Black Dragon Turtle,ability_mount_pandaranmountepicblack,1.6,43723,606557,creature/dragonturtle/ridingdragonturtleepic.m2
68,Reins of the Great Green Dragon Turtle,ability_mount_pandaranmountepic,1.6,43722,606557,creature/dragonturtle/ridingdragonturtleepic.m2
69,Reins of the Great Blue Dragon Turtle,ability_mount_pandaranmountepicblue,1.6,43724,606557,creature/dragonturtle/ridingdragonturtleepic.m2
70,Reins of the Great Brown Dragon Turtle,ability_mount_pandaranmountepicbrown,1.6,43725,606557,creature/dragonturtle/ridingdragonturtleepic.m2
71,Reins of the Great Purple Dragon Turtle,ability_mount_pandaranmountepicpurple,1.6,43726,606557,creature/dragonturtle/ridingdragonturtleepic.m2
72,Ultramarine Qiraji Battle Tank,trade_archaeology_sceptor-of-azaqir,1,15672,125687,creature/ridingsilithid/ridingsilithid.m2
73,Spectral Steed,inv_mount_spectralhorse,1,37160,464001,creature/ridinghorse/ridinghorsespectral.m2
74,Spectral Wolf,inv_mount_spectralwolf,1.2,37159,464116,creature/ridingdirewolfspectral/ridingdirewolfspectral.m2
75,Kor'kron Annihilator,inv_mount_hordescorpiong,2.5,37138,463776,creature/hordescorpionmount/hordescorpionmount.m2
76,Spawn of Horridon,ability_mount_triceratopsmount,0.45,47238,791572,creature/triceratops/triceratopsmount.m2
77,Reins of the Cobalt Primordial Direhorn,ability_mount_triceratopsmount_blue,0.5,47716,791572,creature/triceratops/triceratopsmount.m2
78,Reins of the Slate Primordial Direhorn,ability_mount_triceratopsmount_grey,0.5,47715,791572,creature/triceratops/triceratopsmount.m2
79,Reins of the Amber Primordial Direhorn,ability_mount_triceratopsmount_yellow,0.5,47718,791572,creature/triceratops/triceratopsmount.m2
80,Reins of the Jade Primordial Direhorn,ability_mount_triceratopsmount_green,0.5,47717,791572,creature/triceratops/triceratopsmount.m2
81,Reins of the Bone-White Primal Raptor,ability_mount_raptor_white,1,47825,125680,creature/ridingraptor/ridingraptor.m2
82,Reins of the Red Primal Raptor,ability_hunter_pet_raptor,1,47826,125680,creature/ridingraptor/ridingraptor.m2
83,Reins of the Black Primal Raptor,ability_mount_raptor_black,1,47828,125680,creature/ridingraptor/ridingraptor.m2
84,Reins of the Green Primal Raptor,ability_mount_raptor,1,47827,125680,creature/ridingraptor/ridingraptor.m2
85,Reins of the Golden Primal Direhorn,ability_mount_triceratopsmount_orange,0.45,48100,791572,creature/triceratops/triceratopsmount.m2
86,Reins of the Crimson Primal Direhorn,ability_mount_triceratopsmount_red,0.45,48101,791572,creature/triceratops/triceratopsmount.m2
87,Savage Raptor,ability_mount_raptor,1,38048,125680,creature/ridingraptor/ridingraptor.m2
88,Brawler's Burly Mushan Beast,inv_mushanbeastmount,0.55,48858,646374,creature/mushanbeast/mushanbeastmount.m2
89,Vicious War Steed,ability_mount_alliancepvpmount,1.05,38668,523189,creature/alliancepvpmount/alliancepvpmount.m2
90,Vicious War Wolf,ability_mount_hordepvpmount,1.2,38607,523497,creature/hordepvpmount/hordepvpmount.m2
91,Swift Shorestrider,ability_hunter_pet_tallstrider,1,17011,2323979,creature/tallstrider2/tallstrider2.m2
92,Swift Forest Strider,ability_hunter_pet_tallstrider,1,1281,2323979,creature/tallstrider2/tallstrider2.m2
93,Swift Springstrider,ability_hunter_pet_tallstrider,1,16992,2323979,creature/tallstrider2/tallstrider2.m2
94,Swift Lovebird,ability_hunter_pet_tallstrider,1,1961,2323979,creature/tallstrider2/tallstrider2.m2
95,White Riding Camel,ability_mount_camel_gray,1.25,37204,384457,creature/camel/camelmount.m2
96,Reins of the Vicious Warsaber,ability_mount_warnightsaber,1,38972,538457,creature/felhippogryph/felhippogryphmount.m2
97,Reins of the Vicious Skeletal Warhorse,inv_skeletalwarhorse,1.05,51048,877343,creature/skeletalwarhorse/skeletalwarhorse.m2
98,Mountain Horse,ability_mount_ridinghorse,1,39096,1519794,creature/horse3/horse3.m2
99,Swift Mountain Horse,ability_mount_ridinghorse,1,39095,1519794,creature/horse3/horse3.m2
100,Reins of the Ashhide Mushan Beast,inv_mushanbeastmountblack,0.55,51484,646374,creature/mushanbeast/mushanbeastmount.m2
101,Reins of the Kor'kron War Wolf,inv_belt_45,1.2,51482,893771,creature/korkronelitewolf/korkronelitewolf.m2
102,Kor'kron Juggernaut,inv_mount_hordescorpiong,2.5,51485,897692,creature/ironjuggernaut/ironjuggernautmount.m2
103,Riding Harness,inv_belt_39b,1.2,59762,960116,creature/wolfdraenor/wolfdraenormount.m2
104,Creeping Carpet,inv_tailoring_blackcarpet,1,46453,234619,creature/flyingcarpetmount/flyingcarpetmount.m2
105,Core Hound Chain,inv_belt_45,1.5,40196,529755,world/expansion04/doodads/valleyoffourwinds/farmcrops/v4w_farmcrops_20.m2
106,Gorestrider Gronnling,inv_lessergronnmount_red,1,59159,1012496,creature/lessergronn/lessergronnmount.m2
107,Witherhide Cliffstomper,inv_clefthoofdraenormount_blue,1,59321,940149,creature/clefthoofdraenor/clefthoofdraenormount.m2
108,Trained Icehoof,inv_clefthoofdraenormount_blue,1,59320,940149,creature/clefthoofdraenor/clefthoofdraenormount.m2
109,Tundra Icehoof,inv_clefthoofdraenormount_blue,1,59324,940149,creature/clefthoofdraenor/clefthoofdraenormount.m2
110,Bloodhoof Bull,inv_clefthoofdraenormount_blue,1,59323,940149,creature/clefthoofdraenor/clefthoofdraenormount.m2
111,Ironhoof Destroyer,inv_ironhordeclefthoof,1,59837,1019648,creature/ironhordeclefthoof/ironhordeclefthoof.m2
112,Mottled Meadowstomper,ability_mount_elekkdraenormount,1,59339,1030974,creature/elekk/elekkdraenormount.m2
113,Trained Meadowstomper,ability_mount_elekkdraenormount,1,59340,1030974,creature/elekk/elekkdraenormount.m2
114,Shadowhide Pearltusk,ability_mount_elekkdraenormount,1,59341,1030974,creature/elekk/elekkdraenormount.m2
115,Dusty Rockhide,ability_mount_elekkdraenormount,1,59342,1030974,creature/elekk/elekkdraenormount.m2
116,Armored Irontusk,inv_iron-horde-elekk,1,59343,1013083,creature/ironhordeelekk/ironhordeelekk.m2
117,Blacksteel Battleboar,inv_giantboarmount_brown,0.4,59349,937216,creature/giantboar/giantboararmoredmount.m2
118,Rocktusk Battleboar,inv_giantboarmount_brown,0.4,59348,937216,creature/giantboar/giantboararmoredmount.m2
119,Armored Frostboar,inv_giantboarmount_brown,0.4,59347,937216,creature/giantboar/giantboararmoredmount.m2
120,Armored Razorback,inv_giantboarmount_brown,0.4,59346,937216,creature/giantboar/giantboararmoredmount.m2
121,Frostplains Battleboar,inv_giantboarmount_brown,0.4,59344,937216,creature/giantboar/giantboararmoredmount.m2
122,Wild Goretusk,inv_giantboarmount_brown,0.4,59739,930449,creature/giantboar/giantboarmount.m2
123,Domesticated Razorback,inv_giantboarmount_brown,0.4,59738,930449,creature/giantboar/giantboarmount.m2
124,Giant Coldsnout,inv_giantboarmount_brown,0.4,59737,930449,creature/giantboar/giantboarmount.m2
125,Great Greytusk,inv_giantboarmount_brown,0.4,59736,930449,creature/giantboar/giantboarmount.m2
126,Trained Rocktusk,inv_giantboarmount_brown,0.4,59735,930449,creature/giantboar/giantboarmount.m2
127,Trained Riverwallow,inv_hippo_green,0.45,59743,953151,creature/hippomount/hippomount.m2
128,Sapphire Riverbeast,inv_hippo_green,0.45,59744,953151,creature/hippomount/hippomount.m2
129,Mosshide Riverwallow,inv_hippo_green,0.45,59745,953151,creature/hippomount/hippomount.m2
130,Mudback Riverbeast,inv_hippo_green,0.45,59746,953151,creature/hippomount/hippomount.m2
131,Shadowmane Charger,ability_mount_talbukdraenormount,1,59363,1032685,creature/talbukdraenor/talbukdraenormount.m2
132,Swift Breezestrider,ability_mount_talbukdraenormount,1,59364,1032685,creature/talbukdraenor/talbukdraenormount.m2
133,Trained Silverpelt,ability_mount_talbukdraenormount,1,59365,1032685,creature/talbukdraenor/talbukdraenormount.m2
134,Breezestrider Stallion,ability_mount_talbukdraenormount,1,59366,1032685,creature/talbukdraenor/talbukdraenormount.m2
135,Pale Thorngrazer,ability_mount_talbukdraenormount,1,59367,1032685,creature/talbukdraenor/talbukdraenormount.m2
136,Vicious War Ram,ability_mount_mountainram,1,60574,1052657,creature/viciouswarram/viciouswarram.m2
137,Vicious War Raptor,ability_mount_viciouswarraptor,1,60575,1043670,creature/raptor2/viciouswarraptor.m2
138,Garn Steelmaw,inv_wolfdraenormountshadow,1.2,59756,936994,creature/wolfdraenor/wolfdraenormountarmored.m2
139,Warsong Direfang,inv_wolfdraenormountbrown,1.2,59752,936994,creature/wolfdraenor/wolfdraenormountarmored.m2
140,Armored Frostwolf,inv_wolfdraenormountfrost,1.2,59753,936994,creature/wolfdraenor/wolfdraenormountarmored.m2
141,Ironside Warwolf,inv_wolfdraenormountred,1.2,59754,936994,creature/wolfdraenor/wolfdraenormountarmored.m2
142,Trained Snarler,inv_wolfdraenormountbrown,1.2,59757,960116,creature/wolfdraenor/wolfdraenormount.m2
143,Swift Frostwolf,inv_wolfdraenormountfrost,1.2,59759,960116,creature/wolfdraenor/wolfdraenormount.m2
144,Smoky Direwolf,inv_wolfdraenormountbrown,1.2,59760,960116,creature/wolfdraenor/wolfdraenormount.m2
145,Warlord's Deathwheel,inv_chopper_horde,1,60208,1012932,creature/hordechopper/hordechopper.m2
146,Champion's Treadblade,inv_chopper_alliance,1,60207,1016630,creature/alliancechopper/alliancechopper.m2
147,Challenger's War Yeti,inv_misc_pet_pandaren_yeti,1,60577,1004012,creature/pandarenyetimount/pandarenyetimount.m2
148,Sunhide Gronnling,inv_lessergronnmount_red,1,60578,1012496,creature/lessergronn/lessergronnmount.m2
149,Garn Nighthowl,ability_mount_blackdirewolf,1.4,41337,536927,creature/hozu/hozumonkey.m2
150,Azure Water Strider,ability_mount_waterstridermount,1,41711,593209,creature/waterstrider/waterstridermount.m2
151,Green Dragon Turtle,ability_mount_pandaranmountgreen,1.6,42250,606385,creature/dragonturtle/ridingdragonturtle.m2
152,Great Red Dragon Turtle,ability_mount_pandaranmountepicred,1.6,42352,606557,creature/dragonturtle/ridingdragonturtleepic.m2
153,Chauffeured Chopper,inv_misc_key_06,1,61804,1093427,creature/motorcyclevehicle/motorcyclevehicle2.m2
154,Voidtalon of the Dark Star,ability_mount_fireravengodmountpurple,1,38785,526575,creature/fireravengodmount/fireravengodmount.m2
155,Chauffeured Chopper,inv_misc_key_06,1,61803,1093427,creature/motorcyclevehicle/motorcyclevehicle2.m2
156,Grand Expedition Yak,ability_mount_travellersyakmount,2,42703,614186,creature/travelersyak/travelersyak.m2
157,White Riding Yak,ability_mount_yakmount,1.25,41089,537008,creature/ridingyak/ridingyak.m2
158,Amber Scorpion,ability_mount_hordescorpionamber,2.5,43090,463776,creature/hordescorpionmount/hordescorpionmount.m2
159,Vicious War Mechanostrider,ability_mount_viciouswarmechanostrider,1,63249,1112619,creature/viciouswarmechanostrider/viciouswarmechanostrider.m2
160,Vicious War Kodo,ability_mount_viciouswarkodo,0.6,63580,1120101,creature/viciouswarkodo/viciouswarkodo.m2
161,Infernal Direwolf,inv_wolfdraenor_felmount,1.2,63873,1122428,creature/wolfdraenor/wolfdraenor_felmount.m2
162,Azure Riding Crane,ability_mount_cranemountblue,1.25,43704,615490,creature/crane/cranemount.m2
163,Golden Riding Crane,ability_mount_cranemount,1.25,43705,615490,creature/crane/cranemount.m2
164,Regal Riding Crane,ability_mount_cranemountpurple,1.25,43706,615490,creature/crane/cranemount.m2
165,Albino Riding Crane,ability_mount_cranemount,1.5,43161,605482,creature/mantid/mantid.m2
166,Black Riding Yak,ability_mount_yakmountblack,1.25,43709,537008,creature/ridingyak/ridingyak.m2
167,Brown Riding Yak,ability_mount_yakmountwhite,1.25,43710,537008,creature/ridingyak/ridingyak.m2
168,Grey Riding Yak,ability_mount_yakmountgrey,1.25,43711,537008,creature/ridingyak/ridingyak.m2
169,Blonde Riding Yak,ability_mount_yakmountbrown,1.25,43712,537008,creature/ridingyak/ridingyak.m2
170,Crimson Water Strider,ability_mount_waterstridermount,1,43713,593209,creature/waterstrider/waterstridermount.m2
171,Black Dragon Turtle,ability_mount_pandaranmountblack,1.6,43717,606385,creature/dragonturtle/ridingdragonturtle.m2
172,Blue Dragon Turtle,ability_mount_pandaranmountblue,1.6,43718,606385,creature/dragonturtle/ridingdragonturtle.m2
173,Brown Dragon Turtle,ability_mount_pandaranmountbrown,1.6,43719,606385,creature/dragonturtle/ridingdragonturtle.m2
174,Purple Dragon Turtle,ability_mount_pandaranmountpurple,1.6,43720,606385,creature/dragonturtle/ridingdragonturtle.m2
175,Red Dragon Turtle,ability_mount_pandaranmountred,1.6,43721,606385,creature/dragonturtle/ridingdragonturtle.m2
176,Great Green Dragon Turtle,ability_mount_pandaranmountepic,1.6,43722,606557,creature/dragonturtle/ridingdragonturtleepic.m2
177,Great Black Dragon Turtle,ability_mount_pandaranmountepicblack,1.6,43723,606557,creature/dragonturtle/ridingdragonturtleepic.m2
178,Great Blue Dragon Turtle,ability_mount_pandaranmountepicblue,1.6,43724,606557,creature/dragonturtle/ridingdragonturtleepic.m2
179,Great Brown Dragon Turtle,ability_mount_pandaranmountepicbrown,1.6,43725,606557,creature/dragonturtle/ridingdragonturtleepic.m2
180,Great Purple Dragon Turtle,ability_mount_pandaranmountepicpurple,1.6,43726,606557,creature/dragonturtle/ridingdragonturtleepic.m2
181,Primal Gladiator's Felblood Gronnling,inv_fellessergronnmount,1,63956,1095529,creature/fellessergronn/fellessergronnmount.m2
182,Wild Gladiator's Felblood Gronnling,inv_fellessergronnmount_pale,1,64378,1095529,creature/fellessergronn/fellessergronnmount.m2
183,Warmongering Gladiator's Felblood Gronnling,inv_fellessergronnmount_dark,1,64377,1095529,creature/fellessergronn/fellessergronnmount.m2
184,Coalfist Gronnling,inv_lessergronnmount_red,1,64426,1012496,creature/lessergronn/lessergronnmount.m2
185,Reins of the Illidari Felstalker,inv_felstalkermount,1,64582,1113500,creature/felstalkermount/felstalkermount.m2
186,Bristling Hellboar,inv_giantboarmount_brown,0.4,64726,937216,creature/giantboar/giantboararmoredmount.m2
187,Deathtusk Felboar,ability_mount_felboarmount,0.4,64849,937216,creature/giantboar/giantboararmoredmount.m2
188,Minion of Grumpus,inv_misc_pet_pandaren_yeti_grey,1,64960,1004012,creature/pandarenyetimount/pandarenyetimount.m2
189,Reins of the Prestigious War Steed,inv_alliancepvpmount,1.05,65760,523189,creature/alliancepvpmount/alliancepvpmount.m2
190,Green Shado-Pan Riding Tiger,ability_mount_siberiantigermount,1.5,44759,632248,creature/siberiantiger/siberiantigermount.m2
191,Blue Shado-Pan Riding Tiger,ability_mount_siberiantigermount,1.5,43900,632248,creature/siberiantiger/siberiantigermount.m2
192,Red Shado-Pan Riding Tiger,ability_mount_siberiantigermount,1.5,44757,632248,creature/siberiantiger/siberiantigermount.m2
193,Elderhorn Riding Harness,inv_belt_39b,1,67042,1278395,creature/moosemount2/moosemount2.m2
194,Brown Riding Goat,ability_mount_goatmountbrown,0.75,44807,648080,creature/goat/goatmount.m2
195,White Riding Goat,ability_mount_goatmountwhite,0.75,44837,648080,creature/goat/goatmount.m2
196,Black Riding Goat,ability_mount_goatmountblack,0.75,44836,648080,creature/goat/goatmount.m2
197,Son of Galleon,inv_mushanbeastmount,0.6,45264,646374,creature/mushanbeast/mushanbeastmount.m2
198,Spawn of Horridon,ability_mount_triceratopsmount,0.45,47238,791572,creature/triceratops/triceratopsmount.m2
199,Bloodfang Cocoon,inv_spidermount,1.65,69276,1349631,creature/spidermount/spidermount.m2
200,Reins of the Llothien Prowler,foxmounticon,1.2,68851,1338875,creature/foxmount/foxmount.m2
201,Living Infernal Core,inv_infernalmountgreen,0.9,70040,1367053,creature/infernalmount/infernalmount.m2
202,Fiendish Hellfire Core,inv_infernalmountred,0.9,70051,1367053,creature/infernalmount/infernalmount.m2
203,Dim Coldflame Core,inv_infernalmountblue,0.9,70052,1367053,creature/infernalmount/infernalmount.m2
204,Predatory Bloodgazer,inv_falcosaurosblack,1,70060,1369426,creature/falcosauros/falcosaurosmount.m2
205,Snowfeather Hunter,inv_falcosauroswhite,1,70063,1369426,creature/falcosauros/falcosaurosmount.m2
206,Brilliant Direbeak,inv_falcosaurosred,1,70062,1369426,creature/falcosauros/falcosaurosmount.m2
207,Viridian Sharptalon,inv_falcosaurosgreen,1,70061,1369426,creature/falcosauros/falcosaurosmount.m2
208,Biting Frostshard Core,inv_infernalmounice,0.9,70126,1367053,creature/infernalmount/infernalmount.m2
209,Molten Flarecore,inv_infernalmountlava,0.9,70127,1367053,creature/infernalmount/infernalmount.m2
210,Steelbound Harness,inv_belt_45,1,70099,1021483,creature/corehound2/corehoundmount.m2
211,Ratstallion,inv_ratmount,1,70619,1338876,creature/ratmount/ratmount.m2
212,Cobalt Primordial Direhorn,ability_mount_triceratopsmount_blue,0.5,47716,791572,creature/triceratops/triceratopsmount.m2
213,Amber Primordial Direhorn,ability_mount_triceratopsmount_yellow,0.5,47718,791572,creature/triceratops/triceratopsmount.m2
214,Slate Primordial Direhorn,ability_mount_triceratopsmount_grey,0.5,47715,791572,creature/triceratops/triceratopsmount.m2
215,Jade Primordial Direhorn,ability_mount_triceratopsmount_green,0.5,47717,791572,creature/triceratops/triceratopsmount.m2
216,Bone-White Primal Raptor,ability_mount_raptor_white,1,47825,125680,creature/ridingraptor/ridingraptor.m2
217,Red Primal Raptor,ability_hunter_pet_raptor,1,47826,125680,creature/ridingraptor/ridingraptor.m2
218,Black Primal Raptor,ability_mount_raptor_black,1,47828,125680,creature/ridingraptor/ridingraptor.m2
219,Green Primal Raptor,ability_mount_raptor,1,47827,125680,creature/ridingraptor/ridingraptor.m2
220,Golden Primal Direhorn,ability_mount_triceratopsmount_orange,0.45,48100,791572,creature/triceratops/triceratopsmount.m2
221,Crimson Primal Direhorn,ability_mount_triceratopsmount_red,0.45,48101,791572,creature/triceratops/triceratopsmount.m2
222,Vicious Warstrider,ability_mount_vicioushawkstrider,1,71975,1417715,creature/vicioushawkstrider/vicioushawkstrider.m2
223,Vicious War Elekk,ability_mount_viciouswarelekk,1.1,72020,1444266,creature/viciouswarelekk/viciouswarelekk.m2
224,Vicious Gilnean Warhorse,inv_mount_vicioushorse,1,71973,1417651,creature/vicioushorse/vicioushorse.m2
225,Vicious War Trike,inv_viciousgoblintrike,1.1,71816,1408986,creature/viciousgoblintrike/viciousgoblintrike.m2
226,Arcadian War Turtle,inv_turtlemount,1.2,68848,1339042,creature/turtlemount/turtlemount.m2
227,Vicious War Bear,inv_mount_viciousalliancebearmount,1.35,73805,1499645,creature/viciousalliancebearmount/viciousalliancebearmount.m2
228,Vicious War Bear,inv_mount_vicioushordebearmount,1.35,73806,1499647,creature/vicioushordebearmount/vicioushordebearmount.m2
229,Midnight's Eternal Reins,inv_skeletalwarhorse_black,1,73808,1380821,creature/skeletalwarhorse2/skeletalwarhorse2.m2
230,Vicious War Lion,inv_viciousgoldenking,5,48748,369759,creature/whaleshark/whaleshark.m2
231,Ivory Hawkstrider,inv_ability_mount_cockatricemount_white,1,73991,123275,creature/cockatrice/cockatricemount.m2
232,Brawler's Burly Basilisk,inv_basaliskmount,0.8,73248,1305801,creature/basiliskmount/basiliskmount.m2
233,Vicious War Scorpion,ability_mount_viciouskorkronannihilator,2.5,74034,1522901,creature/viciouskorkronannihilator/viciouskorkronannihilator.m2
234,Brawler's Burly Mushan Beast,inv_mushanbeastmount,0.55,48858,646374,creature/mushanbeast/mushanbeastmount.m2
235,Primal Flamesaber,inv_firecatmount,1.4,74298,1530248,creature/firecatmount/firecatmount.m2
236,Vicious War Turtle,inv_viciousdragonturtlemount,1.4,74320,1537109,creature/viciousdragonturtlemount/viciousdragonturtlemount.m2
237,Vicious War Turtle,inv_viciousdragonturtlemount,1.4,74321,1537109,creature/viciousdragonturtlemount/viciousdragonturtlemount.m2
238,Sound Test Mount,hunter_pvp_direbeastbasilisk,1.2,84468,1937233,creature/orcclanworg/orcclanworg.m2
239,Reins of the Prestigious War Wolf,inv_hordepvpmount_black,1.2,68069,523497,creature/hordepvpmount/hordepvpmount.m2
240,Vicious Kaldorei Warsaber,ability_mount_warnightsaber,1.5,51037,879876,creature/warnightsabermount/warnightsabermount.m2
241,Vicious Skeletal Warhorse,inv_skeletalwarhorse,1.05,51048,877343,creature/skeletalwarhorse/skeletalwarhorse.m2
242,Highmountain Elderhorn,inv_moosemount2,1,67039,1278395,creature/moosemount2/moosemount2.m2
243,Kor'kron War Wolf,ability_mount_hordepvpmount,1.2,51482,893771,creature/korkronelitewolf/korkronelitewolf.m2
244,Ashhide Mushan Beast,inv_mushanbeastmountblack,0.55,51484,646374,creature/mushanbeast/mushanbeastmount.m2
245,Ruby Qiraji Resonating Crystal,inv_misc_qirajicrystal_02,1,75705,1581429,creature/ridingsilithid2/ridingsilithid2.m2
246,Sapphire Qiraji Resonating Crystal,inv_misc_qirajicrystal_04,0.2,52636,513970,world/expansion03/doodads/firelands/brazierflame_big/firelands_brazierflame_big_02.m2
247,Vile Fiend,inv_argusfelstalkermount,1,76646,1616210,creature/argusfelstalkermount/argusfelstalkermount.m2
248,Reins of the Sable Ruinstrider,inv_argustalbukmount_black,1,76318,1602282,creature/argustalbukmount/argustalbukmount.m2
249,Reins of the Russet Ruinstrider,inv_argustalbukmount_red,1,79444,1602282,creature/argustalbukmount/argustalbukmount.m2
250,Reins of the Amethyst Ruinstrider,inv_argustalbukmount_purple,1,79443,1602282,creature/argustalbukmount/argustalbukmount.m2
251,Reins of the Beryl Ruinstrider,inv_argustalbukmount_green,1,79441,1602282,creature/argustalbukmount/argustalbukmount.m2
252,Reins of the Umber Ruinstrider,inv_argustalbukmount_brown,1,79438,1602282,creature/argustalbukmount/argustalbukmount.m2
253,Reins of the Cerulean Ruinstrider,inv_argustalbukmount_blue,1,79437,1602282,creature/argustalbukmount/argustalbukmount.m2
254,Maddened Chaosrunner,inv_argustalbukmount_felpurple,1,76311,1601374,creature/argustalbuk/argustalbuk.m2
255,Vicious War Fox,inv_viciouswarfoxhorde,1.3,76426,1608498,creature/viciouswarfoxhorde/viciouswarfoxhorde.m2
256,Vicious War Fox,inv_viciouswarfoxalliance,1.3,76427,1608497,creature/viciouswarfoxalliance/viciouswarfoxalliance.m2
257,Biletooth Gnasher,inv_argusfelstalkermountblue,1,79592,1616210,creature/argusfelstalkermount/argusfelstalkermount.m2
258,Acid Belcher,inv_argusfelstalkermountgrey,1.5,56565,894216,creature/siegeengineer/siegeengineer.m2
259,Crimson Slavermaw,inv_argusfelstalkermountred,1,79595,1616210,creature/argusfelstalkermount/argusfelstalkermount.m2
260,Bleakhoof Ruinstrider,inv_argustalbukmount_felred,1,79440,1602282,creature/argustalbukmount/argustalbukmount.m2
261,Glorious Felcrusher,inv_lightforgedelekk,1,79732,1712132,creature/lightforgedelekk/lightforgedelekk.m2
262,Blessed Felcrusher,inv_lightforgedelekk_amethyst,1,79789,1712132,creature/lightforgedelekk/lightforgedelekk.m2
263,Avenging Felcrusher,inv_lightforgedelekk_blue,1,79790,1712132,creature/lightforgedelekk/lightforgedelekk.m2
264,Seabraid Stallion,inv_dressedhorse,1,80357,1720603,creature/dressedhorse/dressedhorse.m2
265,Gilded Ravasaur,inv_armoredraptor,1,80358,1719222,creature/armoredraptor/armoredraptor.m2
266,Lightforged Felcrusher,inv_lightforgedelekk,1,81114,1712132,creature/lightforgedelekk/lightforgedelekk.m2
267,Highmountain Thunderhoof,inv_hmmoosemount,1,81113,1757652,creature/hmmoosemount/hmmoosemount.m2
268,Starcursed Voidstrider,ability_mount_voidelfstridermount,1,81648,1786347,creature/voidelfhawkstridermount/voidelfhawkstridermount.m2
269,Nightborne Manasaber,inv_nightborneracialmount,1.4,74032,1780556,creature/nbsabermount/nbsabermount.m2
270,Zandalari Direhorn,inv_triceratopszandalari,0.45,83525,791572,creature/triceratops/triceratopsmount.m2
271,Mummified Raptor Skull,inv_armoredraptorundead,1,84274,1719222,creature/armoredraptor/armoredraptor.m2
272,Underrot Crawg Harness,inv_archaeology_ogres_chimera_riding_harness,1,78860,1687352,creature/bloodtrollfemalebeast_mount/bloodtrollbeast_mount.m2
273,Mag'har Direwolf,inv_orcclanworg,1.2,84468,1937233,creature/orcclanworg/orcclanworg.m2
274,Dark Iron Core Hound,inv_darkirondwarfcorehound,1,85691,1992849,creature/darkirondwarfcorehound/darkirondwarfcorehound.m2
275,Reins of the Alabaster Hyena,inv_hyena2mount_light,1,75323,1519594,creature/hyena2mount/hyena2mount.m2
276,Reins of the Smoky Charger,ability_mount_ridinghorse,1,82161,1781898,creature/horsemultisaddle/horsemultisaddle.m2
277,Reins of the Admiralty Stallion,ability_mount_ridinghorse,1,82148,1781898,creature/horsemultisaddle/horsemultisaddle.m2
278,Reins of the Dapple Gray,ability_mount_ridinghorse,1,81693,1781898,creature/horsemultisaddle/horsemultisaddle.m2
279,Reins of the Mighty Caravan Brutosaur,inv_brontosaurusmount,0.75,83632,1881816,creature/brontosaurusmount/brontosaurusmount.m2
280,Vicious War Basilisk,inv_viciouswarbasiliskhorde,0.8,82528,1827448,creature/viciouswarbasiliskhorde/viciouswarbasiliskhorde.m2
281,Vicious War Basilisk,inv_viciouswarbasiliskalliance,0.8,82527,1827449,creature/viciouswarbasiliskalliance/viciouswarbasiliskalliance.m2
282,Vicious War Riverbeast,inv_viciousalliancehippo,0.6,85888,2027017,creature/viciousalliancehippo/viciousalliancehippo.m2
283,Vicious War Clefthoof,inv_vicioushordeclefthoof,1,85393,1954431,creature/vicioushordeclefthoof/vicioushordeclefthoof.m2
284,Green Marsh Hopper,ivn_toadloamount,1,81952,1802786,creature/toadloamount/toadloamount.m2
285,Bloodgorged Crawg,inv_bloodtrollbeast_mount,1,78858,1687352,creature/bloodtrollfemalebeast_mount/bloodtrollbeast_mount.m2
286,Goldenmane's Reins,ability_mount_ridinghorse,1,81690,1781898,creature/horsemultisaddle/horsemultisaddle.m2
287,Chewed-On Reins of the Terrified Pack Mule,ability_mount_ridinghorse,1,81694,1781898,creature/horsemultisaddle/horsemultisaddle.m2
288,Captured Dune Scavenger,inv_hyena2mount_tan,1,75324,1519594,creature/hyena2mount/hyena2mount.m2
289,Conqueror's Scythemaw,inv_trilobitemount_green,1,87772,1573476,creature/trilobitemount1/trilobitemount1.m2
290,Broken Highland Mustang,ability_mount_ridinghorse,1,59716,124110,creature/fungalmonster/fungalmonster.m2
291,Highland Mustang,ability_mount_ridinghorse,1,87774,1781898,creature/horsemultisaddle/horsemultisaddle.m2
292,Qinsho's Eternal Hound,achievement_moguraid_01,1.4,45836,645789,creature/quilin/quilinmount.m2
293,Craghorn Chasm-Leaper,inv_misc_pet_pandaren_yeti,1,87776,1004012,creature/pandarenyetimount/pandarenyetimount.m2
294,Reins of the Palehide Direhorn,ability_mount_triceratopsmount_yellow,0.45,87779,791572,creature/triceratops/triceratopsmount.m2
295,Swift Albino Raptor,ability_mount_raptor_white,1,14345,125649,creature/ridingraptor/pvpridingraptor.m2
296,Skullripper,ability_hunter_pet_raptor,1.1,87848,1043712,creature/raptor2/raptor2.m2
297,Lil' Donkey,ability_mount_ridinghorse,0.8,85581,1781898,creature/horsemultisaddle/horsemultisaddle.m2
298,Frenzied Feltalon,ability_mount_fireravengodmountgreen,1,38784,526575,creature/fireravengodmount/fireravengodmount.m2
299,Meat Wagon,2147656,0.85,88646,2143631,creature/encrypted05/encrypted05.m2
300,Kul Tiran Charger,inv_horsekultiran,1,88974,2238241,creature/horsekultiran/horsekultiran.m2
301,Vicious Black Warsaber,ability_mount_warnightsaber,1.5,88755,879876,creature/warnightsabermount/warnightsabermount.m2
302,Vicious Black Bonesteed,inv_skeletalwarhorse_01_brown,1.05,88760,877343,creature/skeletalwarhorse/skeletalwarhorse.m2
303,Blackpaw,spell_druid_bearhug,1.3,706,1266661,creature/bear2/bear2.m2
304,Frightened Kodo,ability_mount_kodo_03,0.6,12247,1345569,creature/kodobeast2mount/kodobeast2mount.m2
305,Captured Umber Nightsaber,inv_nightsaber2mount,1.5,89246,2343656,creature/nightsaber2mount/nightsaber2mount.m2
306,Kaldorei Nightsaber,inv_nightsaber2mount,1.5,89247,2343656,creature/nightsaber2mount/nightsaber2mount.m2
307,Sandy Nightsaber,inv_nightsaber2mountyellow,1.5,89249,2343656,creature/nightsaber2mount/nightsaber2mount.m2
308,Captured Kaldorei Nightsaber,inv_nightsaber2mount,1.5,89247,2343656,creature/nightsaber2mount/nightsaber2mount.m2
309,Caged Bear,inv_box_petcarrier_01,1.3,706,1266661,creature/bear2/bear2.m2
310,Blue Marsh Hopper,ivn_toadloamount,1,81959,1802786,creature/toadloamount/toadloamount.m2
311,Yellow Marsh Hopper,ivn_toadloamount,1,81958,1802786,creature/toadloamount/toadloamount.m2
312,Rubyshell Krolusk,inv_trilobitemount_red,1,90394,1573476,creature/trilobitemount1/trilobitemount1.m2
313,Azureshell Krolusk,inv_trilobitemount_blue,1,90393,1573476,creature/trilobitemount1/trilobitemount1.m2
314,Risen Mare,ability_mount_undeadhorse,1,5050,126306,creature/undeadhorse/undeadhorse.m2
315,Stonehide Elderhorn,inv_misc_moosehoof_black,1,67041,1278395,creature/moosemount2/moosemount2.m2
316,Bruce,inv_viciouswarbasiliskhorde,1,90419,2529806,creature/crocoliskmount/crocoliskmount.m2
317,Umber Nightsaber,inv_nightsaber2mount,1.5,89246,2343656,creature/nightsaber2mount/nightsaber2mount.m2
318,Mechanocat Laser Pointer,inv_mechanicaltiger_grey,1.3,92666,1519099,creature/mechanicaltiger/mechanicaltiger.m2
319,Beastlord's Irontusk,inv_iron-horde-elekk,1,90215,1030974,creature/elekk/elekkdraenormount.m2
320,Beastlord's Warwolf,inv_wolfdraenormountred,1.2,57466,1005177,creature/ironhordewolf/ironhordewolf.m2
321,Bloodflank Charger,inv_hordehorsemount,1,91388,2831316,creature/hordehorsemount/hordehorsemount.m2
322,Ironclad Frostclaw,inv_alliancewolfmount,1.2,91389,2828388,creature/alliancewolfmount/alliancewolfmount.m2
323,Keys to the Model W,inv_mechacycle,1,91633,2817037,creature/mechacycle/mechacycle.m2
324,Rusted Keys to the Junkheap Drifter,inv_mechacyclejunk,1,5561,2168127,creature/waterelemental2/waterelemental2.m2
325,Child of Torcali,inv_triceratopsgreen,0.45,91787,791572,creature/triceratops/triceratopsmount.m2
326,Snapback Scuttler,inv_crabmount,1,91238,2395765,creature/crabmount/crabmount.m2
327,Royal Snapdragon,inv_snapdragonmount01,1,91104,2763592,creature/snapdragonmount/snapdragonmount.m2
328,Snapdragon Kelpstalker,inv_snapdragonmount02,1,91237,2763592,creature/snapdragonmount/snapdragonmount.m2
329,Deepcoral Snapdragon,inv_snapdragonmount03,1,91236,2763592,creature/snapdragonmount/snapdragonmount.m2
330,Core Hound,ability_hunter_pet_corehound,1,58772,1021483,creature/corehound2/corehoundmount.m2
331,Gorestrider Gronnling,inv_lessergronnmount_red,1,59159,1012496,creature/lessergronn/lessergronnmount.m2
332,Witherhide Cliffstomper,inv_clefthoofdraenormount_blue,1,59321,940149,creature/clefthoofdraenor/clefthoofdraenormount.m2
333,Trained Icehoof,inv_clefthoofdraenormount_blue,1,59320,940149,creature/clefthoofdraenor/clefthoofdraenormount.m2
334,Tundra Icehoof,inv_clefthoofdraenormount_blue,1,59324,940149,creature/clefthoofdraenor/clefthoofdraenormount.m2
335,Bloodhoof Bull,inv_clefthoofdraenormount_blue,1,59323,940149,creature/clefthoofdraenor/clefthoofdraenormount.m2
336,Mottled Meadowstomper,ability_mount_elekkdraenormount,1,59339,1030974,creature/elekk/elekkdraenormount.m2
337,Trained Meadowstomper,ability_mount_elekkdraenormount,1,59340,1030974,creature/elekk/elekkdraenormount.m2
338,Shadowhide Pearltusk,ability_mount_elekkdraenormount,1,59341,1030974,creature/elekk/elekkdraenormount.m2
339,Dusty Rockhide,ability_mount_elekkdraenormount,1,59342,1030974,creature/elekk/elekkdraenormount.m2
340,Blacksteel Battleboar,inv_giantboarmount_brown,0.4,59349,937216,creature/giantboar/giantboararmoredmount.m2
341,Rocktusk Battleboar,inv_giantboarmount_brown,0.4,59348,937216,creature/giantboar/giantboararmoredmount.m2
342,Armored Frostboar,inv_giantboarmount_brown,0.4,59347,937216,creature/giantboar/giantboararmoredmount.m2
343,Armored Razorback,inv_giantboarmount_brown,0.4,59346,937216,creature/giantboar/giantboararmoredmount.m2
344,Frostplains Battleboar,inv_giantboarmount_brown,0.4,59344,937216,creature/giantboar/giantboararmoredmount.m2
345,Wild Goretusk,inv_giantboarmount_brown,0.4,59739,930449,creature/giantboar/giantboarmount.m2
346,Domesticated Razorback,inv_giantboarmount_brown,0.4,59738,930449,creature/giantboar/giantboarmount.m2
347,Giant Coldsnout,inv_giantboarmount_brown,0.4,59737,930449,creature/giantboar/giantboarmount.m2
348,Great Greytusk,inv_giantboarmount_brown,0.4,59736,930449,creature/giantboar/giantboarmount.m2
349,Trained Rocktusk,inv_giantboarmount_brown,0.4,59735,930449,creature/giantboar/giantboarmount.m2
350,Trained Riverwallow,inv_hippo_green,0.45,59743,953151,creature/hippomount/hippomount.m2
351,Sapphire Riverbeast,inv_hippo_green,0.45,59744,953151,creature/hippomount/hippomount.m2
352,Mosshide Riverwallow,inv_hippo_green,0.45,59745,953151,creature/hippomount/hippomount.m2
353,Mudback Riverbeast,inv_hippo_green,0.45,59746,953151,creature/hippomount/hippomount.m2
354,Hellfire Infernal,inv_infernalmountred,0.9,70051,1367053,creature/infernalmount/infernalmount.m2
355,Shadowmane Charger,ability_mount_talbukdraenormount,1,59363,1032685,creature/talbukdraenor/talbukdraenormount.m2
356,Swift Breezestrider,ability_mount_talbukdraenormount,1,59364,1032685,creature/talbukdraenor/talbukdraenormount.m2
357,Trained Silverpelt,ability_mount_talbukdraenormount,1,59365,1032685,creature/talbukdraenor/talbukdraenormount.m2
358,Breezestrider Stallion,ability_mount_talbukdraenormount,1,59366,1032685,creature/talbukdraenor/talbukdraenormount.m2
359,Pale Thorngrazer,inv_talbukdraenor_white,1,59367,1032685,creature/talbukdraenor/talbukdraenormount.m2
360,Garn Steelmaw,inv_wolfdraenormountshadow,1.2,59756,936994,creature/wolfdraenor/wolfdraenormountarmored.m2
361,Warsong Direfang,inv_wolfdraenormountbrown,1.2,59752,936994,creature/wolfdraenor/wolfdraenormountarmored.m2
362,Armored Frostwolf,inv_wolfdraenormountfrost,1.2,59753,936994,creature/wolfdraenor/wolfdraenormountarmored.m2
363,Ironside Warwolf,inv_wolfdraenormountred,1.2,59754,936994,creature/wolfdraenor/wolfdraenormountarmored.m2
364,Coldflame Infernal,inv_infernalmountblue,0.9,70052,1367053,creature/infernalmount/infernalmount.m2
365,Trained Snarler,inv_wolfdraenormountbrown,1.2,59757,960116,creature/wolfdraenor/wolfdraenormount.m2
366,Swift Frostwolf,inv_wolfdraenormountfrost,1.2,59759,960116,creature/wolfdraenor/wolfdraenormount.m2
367,Smoky Direwolf,inv_wolfdraenormountred,1.2,59760,960116,creature/wolfdraenor/wolfdraenormount.m2
368,Dustmane Direwolf,inv_wolfdraenormountbrown,1.2,59762,960116,creature/wolfdraenor/wolfdraenormount.m2
369,Challenger's War Yeti,inv_misc_pet_pandaren_yeti,1,60577,1004012,creature/pandarenyetimount/pandarenyetimount.m2
370,Sunhide Gronnling,inv_lessergronnmount_red,1,60578,1012496,creature/lessergronn/lessergronnmount.m2
371,Llothien Prowler,foxmounticon,1.2,68851,1338875,creature/foxmount/foxmount.m2
372,Garn Nighthowl,ability_mount_blackdirewolf,1.2,54114,960116,creature/wolfdraenor/wolfdraenormount.m2
373,Stormpike Battle Ram,inv_stormpikebattlecharger,1,93396,3061845,creature/stormpikebattlecharger/stormpikebattlecharger.m2
374,Frostwolf Snarler,inv_frostwolfhowler,1,92901,3044224,creature/frostwolfhowler/frostwolfhowler.m2
375,Reins of the Explorer's Dunetrekker,inv_camelmount2,1.65,93203,3009849,creature/camelmount2/camelmount2.m2
376,Vicious White Bonesteed,inv_skeletalwarhorse_01_purple,1.05,88759,877343,creature/skeletalwarhorse/skeletalwarhorse.m2
377,Vicious White Warsaber,ability_mount_warnightsaber,1.5,88753,879876,creature/warnightsabermount/warnightsabermount.m2
378,Caravan Hyena,inv_vulperamount,1,92902,3044946,creature/vulperamount/vulperamount.m2
379,Mechagon Mechanostrider,inv_mechagnomestrider,1,92759,3041332,creature/mechagnomestrider/mechagnomestrider.m2
380,Sandy Nightsaber,inv_nightsaber2mountyellow,1.5,89249,2343656,creature/nightsaber2mount/nightsaber2mount.m2
381,Xinlao,inv_quilenmount_gold,1,45835,645789,creature/quilin/quilinmount.m2
382,Ren's Stalwart Hound,inv_quilenmount_red,1,45823,645789,creature/quilin/quilinmount.m2
383,Slightly Damp Pile of Fur,inv_alpacamount_brown,1,91874,2915792,creature/alpacamount/alpacamount.m2
384,Reins of the Springfur Alpaca,inv_alpacamount_yellow,1,91877,2915792,creature/alpacamount/alpacamount.m2
385,Reins of the Elusive Quickhoof,inv_alpacamount_black,1,91873,2915792,creature/alpacamount/alpacamount.m2
386,Summon Chauffeur,inv_misc_key_06,1,61803,1093427,creature/motorcyclevehicle/motorcyclevehicle2.m2
387,Summon Chauffeur,inv_misc_key_06,1,61804,1093427,creature/motorcyclevehicle/motorcyclevehicle2.m2
388,Voidtalon of the Dark Star,ability_mount_fireravengodmountpurple,1,38785,526575,creature/fireravengodmount/fireravengodmount.m2
389,Dreamlight Runestag,inv_ardenwealdstagmount_blue,1,94339,3087294,creature/ardenwealdstagmount/ardenwealdstagmount.m2
390,Shadeleaf Runestag,inv_ardenwealdstagmount_dark,1,35678,390813,creature/greaterslime/greaterslime.m2
391,Wakener's Runestag,inv_ardenwealdstagmount_teal,1,94341,3087294,creature/ardenwealdstagmount/ardenwealdstagmount.m2
392,Winterborn Runestag,inv_ardenwealdstagmount_white,1,94342,3087294,creature/ardenwealdstagmount/ardenwealdstagmount.m2
393,Hopecrusher Gargon,inv_deathwargmountblack,1.2,93822,3056112,creature/deathwargmount/deathwargmount.m2
394,Enchanted Dreamlight Runestag,inv_ardenwealdstagmount2_blue,1,94362,3087296,creature/ardenwealdstagmount2/ardenwealdstagmount2.m2
395,Enchanted Shadeleaf Runestag,inv_ardenwealdstagmount2_-dark,0.8,62638,1109072,creature/dragonwhelp2/dragonwhelp2.m2
396,Enchanted Wakener's Runestag,inv_ardenwealdstagmount2_-teal,1,94364,3087296,creature/ardenwealdstagmount2/ardenwealdstagmount2.m2
397,Enchanted Winterborn Runestag,inv_ardenwealdstagmount2_-white,1,94365,3087296,creature/ardenwealdstagmount2/ardenwealdstagmount2.m2
398,Spinemaw Gladechewer,inv_decomposermountyellow,1,94349,3084112,creature/decomposermount/decomposermount.m2
399,Pale Acidmaw,inv_decomposermountwhite,1,94348,3084112,creature/decomposermount/decomposermount.m2
400,Wild Glimmerfur Prowler,inv_fox2_green,1.2,97623,3071370,creature/fox2/fox2.m2
401,Phalynx of Loyalty,inv_automatonlionmount_black,1.35,94333,3061417,creature/automatonlionmount/automatonlionmount.m2
402,Phalynx of Humility,inv_automatonlionmount_bronze,1.35,94332,3061417,creature/automatonlionmount/automatonlionmount.m2
403,Phalynx of Courage,inv_automatonlionmount,1.35,94334,3061417,creature/automatonlionmount/automatonlionmount.m2
404,Phalynx of Purity,inv_automatonlionmount_silver,1.35,94331,3061417,creature/automatonlionmount/automatonlionmount.m2
405,Eternal Phalynx of Purity,inv_automatonlionmount2_silver,1.4,94336,3061419,creature/automatonlionmount2/automatonlionmount2.m2
406,Eternal Phalynx of Courage,inv_automatonlionmount2,1.4,94338,3061419,creature/automatonlionmount2/automatonlionmount2.m2
407,Eternal Phalynx of Loyalty,inv_automatonlionmount2_black,1.4,94335,3061419,creature/automatonlionmount2/automatonlionmount2.m2
408,Eternal Phalynx of Humility,inv_automatonlionmount2_bronze,1.4,94337,3061419,creature/automatonlionmount2/automatonlionmount2.m2
409,Crypt Gargon,inv_deathwargmountwhite,1.2,94324,3056112,creature/deathwargmount/deathwargmount.m2
410,Battle Gargon Vrednic,inv_deathwargmount2black,1.2,94327,3063197,creature/deathwargmount2/deathwargmount2.m2
411,Armored Bonehoof Tauralus,inv_giantbeastmount2,1,96471,3209201,creature/giantbeastmount2/giantbeastmount2.m2
412,Armored Chosen Tauralus,inv_giantbeastmount2_orange,1,96472,3209201,creature/giantbeastmount2/giantbeastmount2.m2
413,Armored Plaguerot Tauralus,inv_giantbeastmount2_green,1,96470,3209201,creature/giantbeastmount2/giantbeastmount2.m2
414,Armored War-Bred Tauralus,inv_giantbeastmount2_blue,1,96469,3209201,creature/giantbeastmount2/giantbeastmount2.m2
415,Chosen Tauralus,inv_giantbeastmount_orange,1,96468,3209199,creature/giantbeastmount/giantbeastmount.m2
416,Bonehoof Tauralus,inv_giantbeastmount,1,96467,3209199,creature/giantbeastmount/giantbeastmount.m2
417,Plaguerot Tauralus,inv_giantbeastmount_green,1,96466,3209199,creature/giantbeastmount/giantbeastmount.m2
418,War-Bred Tauralus,inv_giantbeastmount_blue,1,96465,3209199,creature/giantbeastmount/giantbeastmount.m2
419,Lurid Bloodtusk,inv_maldraxxusboarmount_purple,0.4,98166,3454064,creature/maldraxxusboarmount/maldraxxusboarmount.m2
420,Gorespine,inv_maldraxxusboarmount_green,0.4,98168,3454064,creature/maldraxxusboarmount/maldraxxusboarmount.m2
421,Blisterback Bloodtusk,inv_maldraxxusboarmount_black,0.4,98169,3454064,creature/maldraxxusboarmount/maldraxxusboarmount.m2
422,Desire's Battle Gargon,inv_deathwargmount2purple,1.2,94328,3063197,creature/deathwargmount2/deathwargmount2.m2
423,Gravestone Battle Armor,inv_deathwargmount2white,1.2,94330,3063197,creature/deathwargmount2/deathwargmount2.m2
424,Loyal Gorger,achievement_dungeon_sanguinedepths_kryxis,1,97379,3767408,creature/devourermediummount/devourermediummount.m2
425,Arboreal Gulper,inv_toadardenwealdmount,1,98498,3731000,creature/toadardenwealdmount/toadardenwealdmount.m2
426,Inquisition Gargon,inv_deathwargmountpurple,1.2,94325,3056112,creature/deathwargmount/deathwargmount.m2
427,Darkwarren Hardshell,inv_decomposermountpurple,1,94347,3084112,creature/decomposermount/decomposermount.m2
428,Umbral Scythehorn,inv_decomposermountblack,1,94344,3084112,creature/decomposermount/decomposermount.m2
429,Court Sinrunner,inv_horse3saddle003_evil,1,98721,1781898,creature/horsemultisaddle/horsemultisaddle.m2
430,Warstitched Darkhound,inv_darkhoundmount_draka_blue,1,98223,3618571,creature/darkhoundmount_draka/darkhoundmount_draka.m2
431,Sinfall Gargon,inv_deathwargmountred,1.2,94326,3056112,creature/deathwargmount/deathwargmount.m2
432,Silessa's Battle Harness,inv_deathwargmount2red,1.5,62277,1100490,creature/felguard2/felguard2.m2
433,Vicious War Spider,inv_vicioushordespider,1.65,96783,3536816,creature/vicioushordespider/vicioushordespider.m2
434,Vicious War Spider,inv_viciousalliancespider,1.65,96782,3536814,creature/viciousalliancespider/viciousalliancespider.m2
435,Gnawed Reins of the Battle-Bound Warhound,inv_darkhoundmount_draka,1,98224,3618571,creature/darkhoundmount_draka/darkhoundmount_draka.m2
436,Corridor Creeper,inv_jailerhoundmount_black,1.1,92630,2998172,creature/jailerhoundmount/jailerhoundmount.m2
437,Mawsworn Soulhunter,inv_jailerhoundmount_gray,1.1,92631,2998172,creature/jailerhoundmount/jailerhoundmount.m2
438,Bound Shadehound,inv_jailerhoundmount_white,1.1,92632,2998172,creature/jailerhoundmount/jailerhoundmount.m2
439,Voracious Gorger,inv_devourermediummount,1,99091,3767408,creature/devourermediummount/devourermediummount.m2
440,Chain of Bahmethra,inv_belt_44c,1,101220,3730976,creature/mawguardhandmount/mawguardhandmount.m2
441,Legsplitter War Harness,inv_decomposermountgreen,1,94346,3084112,creature/decomposermount/decomposermount.m2
442,Undying Darkhound's Harness,inv_darkhoundmount_draka_orange,1,98225,3618571,creature/darkhoundmount_draka/darkhoundmount_draka.m2
443,Tamed Mauler Harness,inv_devourerswarmer_blue,1,100367,3923419,creature/devourerswarmermount/devourerswarmermount.m2
444,Beryl Shardhide,inv_mawexpansionbearmount_green,1.3,100421,3921829,creature/mawexpansionbearmount/mawexpansionbearmount.m2
445,Crimson Shardhide,inv_mawexpansionbearmount_red,1.3,100423,3921829,creature/mawexpansionbearmount/mawexpansionbearmount.m2
446,Darkmaul,inv_mawexpansionbearmount_purple,1.3,100424,3921829,creature/mawexpansionbearmount/mawexpansionbearmount.m2
447,Amber Shardhide,inv_mawexpansionbearmount_yellow,1.3,100422,3921829,creature/mawexpansionbearmount/mawexpansionbearmount.m2
448,Bracer of Hrestimorak,inv_bracer_43,1,98546,3730976,creature/mawguardhandmount/mawguardhandmount.m2
449,Bracelet of Salaranga,inv_bracer_leather_draenorcrafted_d_01_alliance,1,98543,3730976,creature/mawguardhandmount/mawguardhandmount.m2
450,Mawsworn Charger's Reins,ability_mount_mawhorsespikes_blue,1,101947,3635064,creature/mawhorsespikes/mawhorsespikes.m2
451,Sanctum Gloomcharger's Reins,ability_mount_mawhorsespikes_purple,1,101946,3635064,creature/mawhorsespikes/mawhorsespikes.m2
452,Soulbound Gloomcharger's Reins,ability_mount_mawhorsespikes_teal,1,101945,3635064,creature/mawhorsespikes/mawhorsespikes.m2
453,Fallen Charger's Reins,ability_mount_mawhorsespikes_yellow,1,101944,3635064,creature/mawhorsespikes/mawhorsespikes.m2
454,Nilganihmaht Control Ring,inv_70_quest_ring7b,1,98544,3730976,creature/mawguardhandmount/mawguardhandmount.m2
455,Primal Gladiator's Felblood Gronnling,inv_fellessergronnmount,1,63956,1095529,creature/fellessergronn/fellessergronnmount.m2
456,Rampaging Mauler,inv_devourerswarmermount_dark,1,100898,3923419,creature/devourerswarmermount/devourerswarmermount.m2
457,Heartlight Stone,inv_progenitorwombatmount,1,98895,3747902,creature/progenitorwombatmount/progenitorwombatmount.m2
458,Curious Crystalsniffer,inv_progenitorwombatmount_darkred,1,98897,3747902,creature/progenitorwombatmount/progenitorwombatmount.m2
459,Darkened Vombata,inv_progenitorwombatmount_dark,1,98896,3747902,creature/progenitorwombatmount/progenitorwombatmount.m2
460,Adorned Vombata,inv_progenitorwombatmount_red,1,98898,3747902,creature/progenitorwombatmount/progenitorwombatmount.m2
461,Deathrunner,inv_progenitorstagmount_red,1,98882,3747333,creature/progenitorstagmount/progenitorstagmount.m2
462,Pale Regal Cervid,inv_progenitorstagmount_blue,1,98879,3747333,creature/progenitorstagmount/progenitorstagmount.m2
463,Anointed Protostag Reins,inv_progenitorstagmount_darkred,1,98881,3747333,creature/progenitorstagmount/progenitorstagmount.m2
464,Reins of the Sundered Zerethsteed,inv_progenitorstagmount_dark,1,98880,3747333,creature/progenitorstagmount/progenitorstagmount.m2
465,Vicious Warstalker,inv_viciousalliancewolf_mount,1,100679,3948051,creature/vicioushordewolf/vicioushordewolf.m2
466,Vicious Warstalker,inv_vicioushordewolf_mount,1,100678,3948049,creature/viciousalliancewolf/viciousalliancewolf.m2
467,Serenade,inv_progenitorsnail_mount_blue,1,100124,3763325,creature/progenitorsnailmount/progenitorsnailmount.m2
468,Bronze Helicid,inv_progenitorsnail_mount_bronze,1,100125,3763325,creature/progenitorsnailmount/progenitorsnailmount.m2
469,Unsuccessful Prototype Fleetpod,inv_progenitorsnail_mount_gray,1,100126,3763325,creature/progenitorsnailmount/progenitorsnailmount.m2
470,Scarlet Helicid,inv_progenitorsnail_mount_red,1,100127,3763325,creature/progenitorsnailmount/progenitorsnailmount.m2
471,Genesis Crawler,inv_progenitorspidermount_blue,1.65,98883,3684777,creature/progenitorspidermount/progenitorspidermount.m2
472,Tarachnid Creeper,inv_progenitorspidermount_dark,1.65,98884,3684777,creature/progenitorspidermount/progenitorspidermount.m2
473,Ineffable Skitterer,inv_progenitorspidermount_red,1,62137,1000727,creature/arakkoagolem/arakkoagolem.m2
474,Vicious War Croaker,inv_vicioushordetoad,1,100260,3894489,creature/vicioushordetoad/vicioushordetoad.m2
475,Vicious War Croaker,inv_viciousalliancetoad,1,100261,3894491,creature/viciousalliancetoad/viciousalliancetoad.m2
476,Goldplate Bufonid,inv_pogenitortoadmount_blue,1.4,102084,3778550,creature/progenitortoadmount/progenitortoadmount.m2
477,Sturdy Soulsteel Mawrat Harness,inv_mawratmount_05,1,104980,4287493,creature/mawratmount/mawratmount.m2
478,Sturdy Silver Mawrat Harness,inv_mawratmount_03,1,104997,4287493,creature/mawratmount/mawratmount.m2
479,Sturdy Gilded Mawrat Harness,inv_mawratmount_01,1,104995,4287493,creature/mawratmount/mawratmount.m2
480,Patient Bufonid,inv_pogenitortoadmount_dark,1,62185,1098889,creature/imp2/imp2.m2
481,Prototype Leaper,inv_pogenitortoadmount_darkred,1,62185,1098889,creature/imp2/imp2.m2
482,Russet Bufonid,inv_pogenitortoadmount_red,1,62185,1098889,creature/imp2/imp2.m2
483,Wild Gladiator's Felblood Gronnling,inv_fellessergronnmount_pale,1,64378,1095529,creature/fellessergronn/fellessergronnmount.m2
484,Warmongering Gladiator's Felblood Gronnling,inv_fellessergronnmount_dark,1,64377,1095529,creature/fellessergronn/fellessergronnmount.m2
485,Coalfist Gronnling,inv_lessergronnmount_red,1,64426,1012496,creature/lessergronn/lessergronnmount.m2
486,Illidari Felstalker,inv_felstalkermount,1,64582,1113500,creature/felstalkermount/felstalkermount.m2
487,Crusty Crawler,inv_crabmount_blue,1,104791,2395765,creature/crabmount/crabmount.m2
488,"Jigglesworth, Sr.",4216725,0.7,104787,4215863,creature/catslimemount/catslimemount.m2
489,Armored Siege Kodo,inv_kodomount,0.6,104790,4201463,creature/kodomount/kodomount.m2
490,Bristling Hellboar,inv_giantboarmount_brown,0.4,64726,937216,creature/giantboar/giantboararmoredmount.m2
491,Iska's Mawrat Leash,inv_mawratmount_02,1,104996,4287493,creature/mawratmount/mawratmount.m2
492,Spectral Mawrat's Tail,inv_mawratmount_04,1,104998,4287493,creature/mawratmount/mawratmount.m2
493,Deathtusk Felboar,inv_giantboarmount_brown,0.4,64849,937216,creature/giantboar/giantboararmoredmount.m2
494,Grimhowl's Face Axe,inv_darkhoundmount,1,105428,2016404,creature/darkhoundmount/darkhoundmount.m2
495,Minion of Grumpus,inv_misc_pet_pandaren_yeti_grey,1,64960,1004012,creature/pandarenyetimount/pandarenyetimount.m2
496,Elusive Emerald Hawkstrider,ability_mount_cockatricemount_green,1,106262,123275,creature/cockatrice/cockatricemount.m2
497,Subterranean Magmammoth,inv_mammoth2lavamount_blue,1,100965,4034803,creature/mammoth2lavamount/mammoth2lavamount.m2
498,Loyal Magmammoth,inv_mammoth2lavamount_orange,1,100964,4034803,creature/mammoth2lavamount/mammoth2lavamount.m2
499,Ancient Salamanther,inv_salamanderwatermount_green,1,101165,4043985,creature/salamanderwatermount/salamanderwatermount.m2
500,Coralscale Salamanther,inv_salamanderwatermount_pink,1,101172,4043985,creature/salamanderwatermount/salamanderwatermount.m2
501,Stormhide Salamanther,inv_salamanderwatermount_purple,1,101169,4043985,creature/salamanderwatermount/salamanderwatermount.m2
502,Magmashell,inv_snailmount_orange,1,100756,3996205,creature/lavasnailmount/lavasnailmount.m2
503,Seething Slug,inv_slugmount_red,1,108839,3996400,creature/lavaslugmount/lavaslugmount.m2
504,Shellack,inv_snailmount_red,1,100758,3996205,creature/lavasnailmount/lavasnailmount.m2
505,Gooey Snailemental,inv_snailmount_blue,1,100759,3996205,creature/lavasnailmount/lavasnailmount.m2
506,Slumbering Worldsnail Shell,inv_snailmount_yellow,1,100757,3996205,creature/lavasnailmount/lavasnailmount.m2
507,Bestowed Trawling Mammoth,inv_mammoth2mount_blue,1,100961,4034801,creature/mammoth2mount/mammoth2mount.m2
508,Mossy Mammoth,inv_mammoth2mount_green,1,100958,4034801,creature/mammoth2mount/mammoth2mount.m2
509,Plainswalker Bearer,inv_mammoth2mount_orange,1,100960,4034801,creature/mammoth2mount/mammoth2mount.m2
510,Bestowed Thunderspine Packleader,inv_thunderlizardprimal_green,1,100966,4008386,creature/thunderlizardprimalmount/thunderlizardprimalmount.m2
511,Explorer's Stonehide Packbeast,inv_thunderlizardprimal_light,1,100967,4008386,creature/thunderlizardprimalmount/thunderlizardprimalmount.m2
512,Lizi's Reins,inv_thunderlizardprimal_brown,0.75,100970,4008386,creature/thunderlizardprimalmount/thunderlizardprimalmount.m2
513,Skyskin Hornstrider,inv_tallstriderprimalmount_blue,1,101160,4037529,creature/tallstriderprimalmount/tallstriderprimalmount.m2
514,Raging Magmammoth,inv_mammoth2lavamount_red,1,100963,4034803,creature/mammoth2lavamount/mammoth2lavamount.m2
515,Renewed Magmammoth,inv_mammoth2lavamount_yellow,1,107507,4034803,creature/mammoth2lavamount/mammoth2lavamount.m2
516,Prestigious War Steed,inv_alliancepvpmount,1.05,65760,523189,creature/alliancepvpmount/alliancepvpmount.m2
517,Guardian Vorquin,inv_kirinmount_dark,1,108729,4280679,creature/kirinmount/kirinmount.m2
518,Armored Vorquin Leystrider,inv_kirinmount_blue,1,108730,4280679,creature/kirinmount/kirinmount.m2
519,Swift Armored Vorquin,inv_kirinmount_bronze,1,108731,4280679,creature/kirinmount/kirinmount.m2
520,Majestic Armored Vorquin,inv_kirinmount_pale,1,108732,4280679,creature/kirinmount/kirinmount.m2
521,Otto,inv_riverotterlargemount01_blue,1.6,102074,4093643,creature/riverotterlargemount01/riverotterlargemount01.m2
522,Iskaara Trader's Ottuk,inv_riverotterlargemount01_black,1.6,102073,4093643,creature/riverotterlargemount01/riverotterlargemount01.m2
523,Brown Scouting Ottuk,inv_riverotterlargemount01_brown,1.6,102075,4093643,creature/riverotterlargemount01/riverotterlargemount01.m2
524,Ivory Trader's Ottuk,inv_riverotterlargemount01_white,1.6,102076,4093643,creature/riverotterlargemount01/riverotterlargemount01.m2
525,Hailstorm Armoredon,inv_rhinoprimalmountice,0.85,107077,4546270,creature/rhinoprimalmountice/rhinoprimalmountice.m2
526,Yellow Scouting Ottuk,inv_riverotterlargemount01_yellow,1.6,102077,4093643,creature/riverotterlargemount01/riverotterlargemount01.m2
527,Felsaber,inv_dhmount_felsaber,1.5,67575,1307326,creature/dhmount/dhmount.m2
528,Yellow War Ottuk,inv_riverotterlargemount02_yellow,1.6,102082,4093645,creature/riverotterlargemount02/riverotterlargemount02.m2
529,Brown War Ottuk,inv_riverotterlargemount02_brown,1.6,102080,4093645,creature/riverotterlargemount02/riverotterlargemount02.m2
530,Crimson Vorquin,inv_kirinmountdracthyr_pale,1,110112,4721987,creature/kirinmountdracthyr/kirinmountdracthyr.m2
531,Sapphire Vorquin,inv_kirinmountdracthyr_blue,1,110115,4721987,creature/kirinmountdracthyr/kirinmountdracthyr.m2
532,Obsidian Vorquin,inv_kirinmountdracthyr_black,1,63392,190688,world/azeroth/zulgurub/activedoodads/voodoopile/voodoopile01.m2
533,Bronze Vorquin,inv_kirinmountdracthyr_bronze,1,110113,4721987,creature/kirinmountdracthyr/kirinmountdracthyr.m2
534,Vicious Sabertooth,inv_vicioussabertoothhorde,1,106800,4525371,creature/vicioussabertooth/vicioussabertooth.m2
535,Vicious Sabertooth,inv_vicioussabertoothalliance,1,106798,4525371,creature/vicioussabertooth/vicioussabertooth.m2
536,Prestigious War Wolf,ability_mount_hordepvpmount,1.2,68069,523497,creature/hordepvpmount/hordepvpmount.m2
537,Noble Bruffalon,inv_moosebullmount_black,1,100690,3952434,creature/moosebullmount/moosebullmount.m2
538,Inferno Armoredon,inv_rhinoprimalmountfire,0.85,112630,4681794,creature/rhinoprimalmountfire/rhinoprimalmountfire.m2
539,Big Slick in the City,inv_snailrockmount_pink,1,112194,4954743,creature/snailrockmount/snailrockmount.m2
540,Vicious War Snail,inv_vicioussnail_horde,1,112359,4616453,creature/vicioussnail/vicioussnail.m2
541,Vicious War Snail,inv_vicioussnail_alliance,1,112358,4616453,creature/vicioussnail/vicioussnail.m2
542,Reins of the Felcrystal Scorpion,ability_mount_hordescorpiongreen,2.5,112606,463776,creature/hordescorpionmount/hordescorpionmount.m2
543,Reins of Valiance,ability_mount_undeadhorse,1,113069,125009,creature/mounteddeathknight/ridingundeadwarhorse.m2
544,Horn of the White War Wolf,ability_mount_whitedirewolf,1.2,14336,123410,creature/direwolf/pvpridingdirewolf.m2
545,Sulfur Hound's Leash,ability_hunter_pet_corehound,1,113194,1021483,creature/corehound2/corehoundmount.m2
546,Perfected Juggernaut,ability_mount_ironjuggernautmount,2.5,51510,897692,creature/ironjuggernaut/ironjuggernautmount.m2
547,Ancestral Clefthoof,inv_clefthoofdraenormount_purple,1,113532,940149,creature/clefthoofdraenor/clefthoofdraenormount.m2
548,Pattie's Cap,inv_helm_armor_deerstalker_b_01_brown,1,91875,2915792,creature/alpacamount/alpacamount.m2
549,Reins of the Blossoming Dreamstag,inv_emeralddreamstagmount_green,1,114289,4995277,creature/emeralddreamstagmount/emeralddreamstagmount.m2
550,Reins of the Suntouched Dreamstag,inv_emeralddreamstagmount_golden,1,114290,4995277,creature/emeralddreamstagmount/emeralddreamstagmount.m2
551,Reins of the Rekindled Dreamstag,inv_emeralddreamstagmount_ashes,1,114292,4995277,creature/emeralddreamstagmount/emeralddreamstagmount.m2
552,Reins of the Lunar Dreamstag,inv_emeralddreamstagmount_frost,1,114294,4995277,creature/emeralddreamstagmount/emeralddreamstagmount.m2
553,Reins of the Morning Flourish Dreamsaber,inv_dreamsabermount_green,1.4,114376,5100557,creature/dreamsabermount/dreamsabermount.m2
554,Reins of the Evening Sun Dreamsaber,inv_dreamsabermount_yellow,1.4,114375,5100557,creature/dreamsabermount/dreamsabermount.m2
555,Reins of the Winter Night Dreamsaber,inv_dreamsabermount_blue,1.4,114374,5100557,creature/dreamsabermount/dreamsabermount.m2
556,Reins of the Shadow Dusk Dreamsaber,inv_dreamsabermount_purple,1.4,114377,5100557,creature/dreamsabermount/dreamsabermount.m2
557,Vicious Moonbeast,inv_viciousowlbearmounthorde,1,114391,4899629,creature/viciousowlbearmount/viciousowlbearmount.m2
558,Vicious Moonbeast,inv_viciousowlbearmountalliance,1,114381,4899629,creature/viciousowlbearmount/viciousowlbearmount.m2
559,Good Boy's Leash,inv_dogprimalmount,1,111720,4704229,creature/dogprimalmount/dogprimalmount.m2
560,Reins of the Springtide Dreamtalon,inv_sabretoothraptormount_white,1,114893,4884014,creature/sabretoothraptormount/sabretoothraptormount.m2
561,Reins of the Ochre Dreamtalon,inv_sabretoothraptormount_green,1,114906,4884014,creature/sabretoothraptormount/sabretoothraptormount.m2
562,Reins of the Snowfluff Dreamtalon,inv_sabretoothraptormount_purple,1,114907,4884014,creature/sabretoothraptormount/sabretoothraptormount.m2
563,Delugen,inv_riverotterlargemount01_yellow,1.6,115245,4093643,creature/riverotterlargemount01/riverotterlargemount01.m2
564,Talont,inv_sabretoothraptormount,1,115246,4884014,creature/sabretoothraptormount/sabretoothraptormount.m2
565,Crimson Glimmerfur,inv_fox2_darkred,1.2,115371,3071370,creature/fox2/fox2.m2
566,Stargrazer,inv_emeralddreamstagmount_green,1,115247,4995277,creature/emeralddreamstagmount/emeralddreamstagmount.m2
567,Mammyth,inv_mammoth2lavamount_orange,1,115420,4034803,creature/mammoth2lavamount/mammoth2lavamount.m2
568,Salatrancer,inv_salamanderwatermount_green,1,115567,4043985,creature/salamanderwatermount/salamanderwatermount.m2
569,Bestowed Ottuk Vanguard,inv_riverotterlargemount02_black,1.6,102078,4093645,creature/riverotterlargemount02/riverotterlargemount02.m2
570,Reins of the Gilnean Prowler,foxmounticon,1.2,116210,1338875,creature/foxmount/foxmount.m2
571,Clayscale Hornstrider,inv_tallstriderprimalmount_red,1,101162,4037529,creature/tallstriderprimalmount/tallstriderprimalmount.m2
572,Bloodfang Widow,inv_spidermount,1.65,69276,1349631,creature/spidermount/spidermount.m2
573,Felblaze Infernal,inv_infernalmount,0.9,70040,1367053,creature/infernalmount/infernalmount.m2
574,Predatory Bloodgazer,inv_falcosaurosblack,1,70060,1369426,creature/falcosauros/falcosaurosmount.m2
575,Snowfeather Hunter,inv_falcosauroswhite,1,70063,1369426,creature/falcosauros/falcosaurosmount.m2
576,Brilliant Direbeak,inv_falcosaurosred,1,70062,1369426,creature/falcosauros/falcosaurosmount.m2
577,Viridian Sharptalon,inv_falcosaurosgreen,1,70061,1369426,creature/falcosauros/falcosaurosmount.m2
578,Steelbound Devourer,inv_mount_felcorehoundmoun,1,70099,1021483,creature/corehound2/corehoundmount.m2
579,Great Northern Elderhorn,inv_moosemount2white,1,67042,1278395,creature/moosemount2/moosemount2.m2
580,Flarecore Infernal,inv_infernalmountlava,0.9,70127,1367053,creature/infernalmount/infernalmount.m2
581,Frostshard Infernal,inv_infernalmounice,0.9,70126,1367053,creature/infernalmount/infernalmount.m2
582,Infinite Armoredon,inv_rhinoprimalmountinfinite,0.85,117076,5280626,creature/rhinoprimalmountinfinite/rhinoprimalmountinfinite.m2
583,Vicious Dreamtalon,inv_vicioussabretoothraptor__alliance,1,117077,5199787,creature/vicioussabretoothraptor/vicioussabretoothraptor.m2
584,Vicious Dreamtalon,inv_vicioussabretoothraptor_horde,1,117078,5199787,creature/vicioussabretoothraptor/vicioussabretoothraptor.m2
585,[PH] MoleMount (Dark Skin, Black Saddle, Teeth Rodent, Nose Star),inv_molemount_dark,1,47166,773102,creature/elitegryphon/elitegryphon.m2
586,Midnight,ability_mount_dreadsteed,1,73808,1380821,creature/skeletalwarhorse2/skeletalwarhorse2.m2
587,Vicious War Lion,inv_viciousgoldenking,1.5,73817,1517167,creature/viciousgoldenking/viciousgoldenking.m2
588,Ivory Hawkstrider,inv_ability_mount_cockatricemount_white,1,73991,123275,creature/cockatrice/cockatricemount.m2
589,Vicious War Turtle,inv_viciousdragonturtlemount,1.4,74320,1537109,creature/viciousdragonturtlemount/viciousdragonturtlemount.m2
590,Vicious War Turtle,inv_viciousdragonturtlemount,1.4,74321,1537109,creature/viciousdragonturtlemount/viciousdragonturtlemount.m2
591,Dune Scavenger,inv_hyena2mount_tan,1,75324,1519594,creature/hyena2mount/hyena2mount.m2
592,Alabaster Hyena,inv_hyena2mount_light,1,75323,1519594,creature/hyena2mount/hyena2mount.m2
593,Obsidian Krolusk,inv_trilobitemount_black,1,75600,1573476,creature/trilobitemount1/trilobitemount1.m2
594,Blue Qiraji War Tank,inv_misc_qirajicrystal_04,1,75706,1581429,creature/ridingsilithid2/ridingsilithid2.m2
595,Red Qiraji War Tank,inv_misc_qirajicrystal_02,1,75705,1581429,creature/ridingsilithid2/ridingsilithid2.m2
596,Black Qiraji War Tank,inv_ridingsilithid2,1,75707,1581429,creature/ridingsilithid2/ridingsilithid2.m2
597,Sable Ruinstrider,inv_argustalbukmount_black,1,76318,1602282,creature/argustalbukmount/argustalbukmount.m2
598,Highmountain Elderhorn,inv_moosemount2,1,67039,1278395,creature/moosemount2/moosemount2.m2
599,Vile Fiend,inv_argusfelstalkermount,1,76646,1616210,creature/argusfelstalkermount/argusfelstalkermount.m2
600,Amethyst Ruinstrider,inv_argustalbukmount_purple,1,79443,1602282,creature/argustalbukmount/argustalbukmount.m2
601,Beryl Ruinstrider,inv_argustalbukmount_green,1,79441,1602282,creature/argustalbukmount/argustalbukmount.m2
602,Russet Ruinstrider,inv_argustalbukmount_red,1,79444,1602282,creature/argustalbukmount/argustalbukmount.m2
603,Cerulean Ruinstrider,inv_argustalbukmount_blue,1,79437,1602282,creature/argustalbukmount/argustalbukmount.m2
604,Umber Ruinstrider,inv_argustalbukmount_brown,1,79438,1602282,creature/argustalbukmount/argustalbukmount.m2
605,Biletooth Gnasher,inv_argusfelstalkermountblue,1,79592,1616210,creature/argusfelstalkermount/argusfelstalkermount.m2
606,Crimson Slavermaw,inv_argusfelstalkermountred,1,79595,1616210,creature/argusfelstalkermount/argusfelstalkermount.m2
607,Acid Belcher,inv_argusfelstalkermountgrey,1,79593,1616210,creature/argusfelstalkermount/argusfelstalkermount.m2
608,Glorious Felcrusher,inv_lightforgedelekk,1,79732,1712132,creature/lightforgedelekk/lightforgedelekk.m2
609,Blessed Felcrusher,inv_lightforgedelekk_amethyst,1,79789,1712132,creature/lightforgedelekk/lightforgedelekk.m2
610,Avenging Felcrusher,inv_lightforgedelekk_blue,1,79790,1712132,creature/lightforgedelekk/lightforgedelekk.m2
611,Bleakhoof Ruinstrider,inv_argustalbukmount_felred,1,79440,1602282,creature/argustalbukmount/argustalbukmount.m2
612,Gilded Ravasaur,inv_armoredraptor,1,80358,1719222,creature/armoredraptor/armoredraptor.m2
613,Lightforged Felcrusher,inv_lightforgedelekk,1,81114,1712132,creature/lightforgedelekk/lightforgedelekk.m2
614,Admiralty Stallion,inv_horse3saddle003_pale,1,82148,1781898,creature/horsemultisaddle/horsemultisaddle.m2
615,Green Marsh Hopper,ivn_toadloamount,1,81952,1802786,creature/toadloamount/toadloamount.m2
616,Dapple Gray,inv_horse3saddle006_stormsong_white,1,81693,1781898,creature/horsemultisaddle/horsemultisaddle.m2
617,Smoky Charger,inv_horse3saddle003_black,1,82161,1781898,creature/horsemultisaddle/horsemultisaddle.m2
618,Terrified Pack Mule,inv_horse3saddle008_donkey,1,81694,1781898,creature/horsemultisaddle/horsemultisaddle.m2
619,Goldenmane,inv_horse3saddle003_palamino,1,81690,1781898,creature/horsemultisaddle/horsemultisaddle.m2
620,Zandalari Direhorn,inv_triceratopszandalari,0.45,83525,791572,creature/triceratops/triceratopsmount.m2
621,Mighty Caravan Brutosaur,inv_brontosaurusmount,0.75,83632,1881816,creature/brontosaurusmount/brontosaurusmount.m2
622,Tomb Stalker,inv_armoredraptorundead,1,84274,1719222,creature/armoredraptor/armoredraptor.m2
623,Underrot Crawg,inv_bloodtrollbeast_mount_pale,1,78860,1687352,creature/bloodtrollfemalebeast_mount/bloodtrollbeast_mount.m2
624,Conqueror's Scythemaw,inv_trilobitemount_green,1,87772,1573476,creature/trilobitemount1/trilobitemount1.m2
625,Highland Mustang,inv_horse3_pinto,1,87774,1781898,creature/horsemultisaddle/horsemultisaddle.m2
626,Broken Highland Mustang,inv_horse3_chestnut,1,87773,1781898,creature/horsemultisaddle/horsemultisaddle.m2
627,Craghorn Chasm-Leaper,inv_misc_pet_pandaren_yeti,1,87776,1004012,creature/pandarenyetimount/pandarenyetimount.m2
628,Qinsho's Eternal Hound,achievement_moguraid_01,1.4,45836,645789,creature/quilin/quilinmount.m2
629,Palehide Direhorn,ability_mount_triceratopsmount_yellow,0.45,87779,791572,creature/triceratops/triceratopsmount.m2
630,Lil' Donkey,inv_horse3_donkey,0.8,85581,1781898,creature/horsemultisaddle/horsemultisaddle.m2
631,Frenzied Feltalon,ability_mount_fireravengodmountgreen,1,38784,526575,creature/fireravengodmount/fireravengodmount.m2
632,Vicious Black Warsaber,ability_mount_warnightsaber,1.5,88755,879876,creature/warnightsabermount/warnightsabermount.m2
633,Vicious White Warsaber,ability_mount_warnightsaber,1.5,88753,879876,creature/warnightsabermount/warnightsabermount.m2
634,Vicious Black Bonesteed,inv_skeletalwarhorse_01_brown,1.05,88760,877343,creature/skeletalwarhorse/skeletalwarhorse.m2
635,Blackpaw,spell_druid_bearhug,1.3,706,1266661,creature/bear2/bear2.m2
636,Umber Nightsaber,inv_nightsaber2brown,1.5,89246,2343656,creature/nightsaber2mount/nightsaber2mount.m2
637,Kaldorei Nightsaber,inv_nightsaber2mount,1.5,89247,2343656,creature/nightsaber2mount/nightsaber2mount.m2
638,Sandy Nightsaber,inv_nightsaber2mountyellow,1.5,89249,2343656,creature/nightsaber2mount/nightsaber2mount.m2
639,Blue Marsh Hopper,ivn_toadloamount,1,81959,1802786,creature/toadloamount/toadloamount.m2
640,Yellow Marsh Hopper,ivn_toadloamount,1,81958,1802786,creature/toadloamount/toadloamount.m2
641,Stonehide Elderhorn,inv_misc_moosehoof_black,1,67041,1278395,creature/moosemount2/moosemount2.m2
642,Rubyshell Krolusk,inv_trilobitemount_red,1,90394,1573476,creature/trilobitemount1/trilobitemount1.m2
643,Azureshell Krolusk,inv_trilobitemount_blue,1,90393,1573476,creature/trilobitemount1/trilobitemount1.m2
644,Bruce,inv_crocoliskmount_blue,1,90419,2529806,creature/crocoliskmount/crocoliskmount.m2
645,Royal Snapdragon,inv_snapdragonmount01,1,91104,2763592,creature/snapdragonmount/snapdragonmount.m2
646,Snapback Scuttler,inv_crabmount,1,91238,2395765,creature/crabmount/crabmount.m2
647,X-995 Mechanocat,inv_mechanicaltiger_grey,1.3,92666,1519099,creature/mechanicaltiger/mechanicaltiger.m2
648,Beastlord's Irontusk,inv_armoredelekkmount,1,90215,1030974,creature/elekk/elekkdraenormount.m2
649,Beastlord's Warwolf,inv_armoredwolfmount,1.2,57466,1005177,creature/ironhordewolf/ironhordewolf.m2
650,Mechacycle Model W,inv_mechacycle,1,91633,2817037,creature/mechacycle/mechacycle.m2
651,Junkheap Drifter,inv_mechacycle,1,91634,2817037,creature/mechacycle/mechacycle.m2
652,Child of Torcali,inv_triceratopsgreen,0.45,91787,791572,creature/triceratops/triceratopsmount.m2
653,Mollie,inv_alpacamount_brown,1,91874,2915792,creature/alpacamount/alpacamount.m2
654,Snapdragon Kelpstalker,inv_snapdragonmount02,1,91237,2763592,creature/snapdragonmount/snapdragonmount.m2
655,Deepcoral Snapdragon,inv_snapdragonmount03,1,91236,2763592,creature/snapdragonmount/snapdragonmount.m2
656,Explorer's Dunetrekker,inv_camelmount2,1.65,93203,3009849,creature/camelmount2/camelmount2.m2
657,Hopecrusher Gargon,inv_deathwargmountblack,1.2,93822,3056112,creature/deathwargmount/deathwargmount.m2
658,Battle Gargon Vrednic,inv_deathwargmount2black,1.2,94327,3063197,creature/deathwargmount2/deathwargmount2.m2
659,Dreamlight Runestag,inv_ardenwealdstagmount_blue,1,94339,3087294,creature/ardenwealdstagmount/ardenwealdstagmount.m2
660,Enchanted Dreamlight Runestag,inv_ardenwealdstagmount2_blue,1,94362,3087296,creature/ardenwealdstagmount2/ardenwealdstagmount2.m2
661,Mawsworn Soulhunter,inv_jailerhoundmount_gray,1.1,92631,2998172,creature/jailerhoundmount/jailerhoundmount.m2
662,Darkwarren Hardshell,inv_decomposermountpurple,1,94347,3084112,creature/decomposermount/decomposermount.m2
663,Gargantuan Grrloc,inv_murlocmount,1,94695,3159888,creature/murlocmount/murlocmount.m2
664,Elusive Quickhoof,inv_alpacamount_black,1,91873,2915792,creature/alpacamount/alpacamount.m2
665,Ren's Stalwart Hound,inv_quilenmount_red,1,45823,645789,creature/quilin/quilinmount.m2
666,Xinlao,inv_quilenmount_gold,1,45835,645789,creature/quilin/quilinmount.m2
667,Springfur Alpaca,inv_alpacamount_yellow,1,91877,2915792,creature/alpacamount/alpacamount.m2
668,Shadeleaf Runestag,inv_ardenwealdstagmount_dark,1,94340,3087294,creature/ardenwealdstagmount/ardenwealdstagmount.m2
669,Wakener's Runestag,inv_ardenwealdstagmount_teal,1,94341,3087294,creature/ardenwealdstagmount/ardenwealdstagmount.m2
670,Winterborn Runestag,inv_ardenwealdstagmount_white,1,94342,3087294,creature/ardenwealdstagmount/ardenwealdstagmount.m2
671,Enchanted Shadeleaf Runestag,inv_ardenwealdstagmount2_blue,1,94363,3087296,creature/ardenwealdstagmount2/ardenwealdstagmount2.m2
672,Enchanted Wakener's Runestag,inv_ardenwealdstagmount2_blue,1,94364,3087296,creature/ardenwealdstagmount2/ardenwealdstagmount2.m2
673,Enchanted Winterborn Runestag,inv_ardenwealdstagmount2_blue,1,94365,3087296,creature/ardenwealdstagmount2/ardenwealdstagmount2.m2
674,Plaguerot Tauralus,inv_giantbeastmount_green,1,96466,3209199,creature/giantbeastmount/giantbeastmount.m2
675,Bonehoof Tauralus,inv_giantbeastmount,1,96467,3209199,creature/giantbeastmount/giantbeastmount.m2
676,Chosen Tauralus,inv_giantbeastmount_orange,1,96468,3209199,creature/giantbeastmount/giantbeastmount.m2
677,Armored Plaguerot Tauralus,inv_giantbeastmount2_green,1,96470,3209201,creature/giantbeastmount2/giantbeastmount2.m2
678,Armored Bonehoof Tauralus,inv_giantbeastmount2,1,96471,3209201,creature/giantbeastmount2/giantbeastmount2.m2
679,Armored Chosen Tauralus,inv_giantbeastmount2_orange,1,96472,3209201,creature/giantbeastmount2/giantbeastmount2.m2
680,Gorespine,inv_maldraxxusboarmount_green,0.4,98168,3454064,creature/maldraxxusboarmount/maldraxxusboarmount.m2
681,Lurid Bloodtusk,inv_maldraxxusboarmount_purple,0.4,98166,3454064,creature/maldraxxusboarmount/maldraxxusboarmount.m2
682,Inquisition Gargon,inv_deathwargmountpurple,1.2,94325,3056112,creature/deathwargmount/deathwargmount.m2
683,Sinfall Gargon,inv_deathwargmountred,1.2,94326,3056112,creature/deathwargmount/deathwargmount.m2
684,Crypt Gargon,inv_deathwargmountwhite,1.2,94324,3056112,creature/deathwargmount/deathwargmount.m2
685,Desire's Battle Gargon,inv_deathwargmount2purple,1.2,94328,3063197,creature/deathwargmount2/deathwargmount2.m2
686,Gravestone Battle Gargon,inv_deathwargmount2white,1.2,94330,3063197,creature/deathwargmount2/deathwargmount2.m2
687,Battle Gargon Silessa,inv_deathwargmount2red,1.2,94329,3063197,creature/deathwargmount2/deathwargmount2.m2
688,Loyal Gorger,achievement_dungeon_sanguinedepths_kryxis,1,97379,3767408,creature/devourermediummount/devourermediummount.m2
689,Spinemaw Gladechewer,inv_decomposermountyellow,1,94349,3084112,creature/decomposermount/decomposermount.m2
690,Pale Acidmaw,inv_decomposermountwhite,1,94348,3084112,creature/decomposermount/decomposermount.m2
691,Wild Glimmerfur Prowler,inv_fox2_green,1.2,97623,3071370,creature/fox2/fox2.m2
692,Phalynx of Loyalty,inv_automatonlionmount_black,1.35,94333,3061417,creature/automatonlionmount/automatonlionmount.m2
693,Phalynx of Humility,inv_automatonlionmount_bronze,1.35,94332,3061417,creature/automatonlionmount/automatonlionmount.m2
694,Phalynx of Courage,inv_automatonlionmount,1.35,94334,3061417,creature/automatonlionmount/automatonlionmount.m2
695,Phalynx of Purity,inv_automatonlionmount_silver,1.35,94331,3061417,creature/automatonlionmount/automatonlionmount.m2
696,Eternal Phalynx of Purity,inv_automatonlionmount_silver,1.4,94336,3061419,creature/automatonlionmount2/automatonlionmount2.m2
697,Eternal Phalynx of Courage,inv_automatonlionmount2,1.4,94338,3061419,creature/automatonlionmount2/automatonlionmount2.m2
698,Eternal Phalynx of Loyalty,inv_automatonlionmount2_black,1.4,94335,3061419,creature/automatonlionmount2/automatonlionmount2.m2
699,Eternal Phalynx of Humility,inv_automatonlionmount2_bronze,1.4,94337,3061419,creature/automatonlionmount2/automatonlionmount2.m2
700,Mawsworn Charger,ability_mount_mawhorsespikes_blue,1,101947,3635064,creature/mawhorsespikes/mawhorsespikes.m2
701,Hand of Hrestimorak,inv_mawguardhandmountblue,1,98546,3730976,creature/mawguardhandmount/mawguardhandmount.m2
702,Umbral Scythehorn,inv_decomposermountblack,1,94344,3084112,creature/decomposermount/decomposermount.m2
703,Court Sinrunner,inv_horse3saddle003_evil,1,98721,1781898,creature/horsemultisaddle/horsemultisaddle.m2
704,Warstitched Darkhound,inv_darkhoundmount_draka_blue,1,98223,3618571,creature/darkhoundmount_draka/darkhoundmount_draka.m2
705,Snowstorm,3753812,1.3,98731,3753813,creature/bearmountblizzard/bearmountblizzard.m2
706,Pale Regal Cervid,inv_progenitorstagmount_blue,1,98879,3747333,creature/progenitorstagmount/progenitorstagmount.m2
707,Battle-Bound Warhound,inv_darkhoundmount_draka,1,98224,3618571,creature/darkhoundmount_draka/darkhoundmount_draka.m2
708,Bound Shadehound,inv_jailerhoundmount_white,1.1,92632,2998172,creature/jailerhoundmount/jailerhoundmount.m2
709,Corridor Creeper,inv_jailerhoundmount_black,1.1,92630,2998172,creature/jailerhoundmount/jailerhoundmount.m2
710,Voracious Gorger,inv_devourermediummount,1,99091,3767408,creature/devourermediummount/devourermediummount.m2
711,Viridian Phase-Hunter,inv_warpstalkermount,1,100010,3883720,creature/warpstalkermount/warpstalkermount.m2
712,Serenade,inv_progenitorsnail_mount_blue,1,100124,3763325,creature/progenitorsnailmount/progenitorsnailmount.m2
713,Tamed Mauler,inv_devourerswarmer_blue,1,100367,3923419,creature/devourerswarmermount/devourerswarmermount.m2
714,Beryl Shardhide,inv_mawexpansionbearmount_green,1.3,100421,3921829,creature/mawexpansionbearmount/mawexpansionbearmount.m2
715,Wandering Ancient,3939983,1,100465,3939973,creature/ancientmount/ancientmount.m2
716,Vicious War Gorm,inv_vicioushordegorm,1,100580,3949841,creature/viciousgorm/viciousgorm.m2
717,Vicious War Gorm,inv_viciousalliancegorm,1,100579,3949841,creature/viciousgorm/viciousgorm.m2
718,Magmashell,inv_snailmount_orange,1,100756,3996205,creature/lavasnailmount/lavasnailmount.m2
719,Bestowed Thunderspine Packleader,inv_thunderlizardprimal_green,1,100966,4008386,creature/thunderlizardprimalmount/thunderlizardprimalmount.m2
720,Hand of Bahmethra,inv_mawguardhandmountpurple,1,101220,3730976,creature/mawguardhandmount/mawguardhandmount.m2
721,Wild Hunt Legsplitter,inv_decomposermountgreen,1,94346,3084112,creature/decomposermount/decomposermount.m2
722,Undying Darkhound,inv_darkhoundmount_draka_orange,1,98225,3618571,creature/darkhoundmount_draka/darkhoundmount_draka.m2
723,Skyskin Hornstrider,inv_tallstriderprimalmount_blue,1,101160,4037529,creature/tallstriderprimalmount/tallstriderprimalmount.m2
724,Sanctum Gloomcharger,ability_mount_mawhorsespikes_purple,1,101946,3635064,creature/mawhorsespikes/mawhorsespikes.m2
725,Soulbound Gloomcharger,ability_mount_mawhorsespikes_teal,1,101945,3635064,creature/mawhorsespikes/mawhorsespikes.m2
726,Fallen Charger,ability_mount_mawhorsespikes_yellow,1,101944,3635064,creature/mawhorsespikes/mawhorsespikes.m2
727,Hand of Nilganihmaht,inv_mawguardhandmountgold,1,98544,3730976,creature/mawguardhandmount/mawguardhandmount.m2
728,Hand of Salaranga,inv_mawguardhandmountblack,1,98543,3730976,creature/mawguardhandmount/mawguardhandmount.m2
729,Amber Shardhide,inv_mawexpansionbearmount_yellow,1.3,100422,3921829,creature/mawexpansionbearmount/mawexpansionbearmount.m2
730,Crimson Shardhide,inv_mawexpansionbearmount_red,1.3,100423,3921829,creature/mawexpansionbearmount/mawexpansionbearmount.m2
731,Darkmaul,inv_mawexpansionbearmount_purple,1.3,100424,3921829,creature/mawexpansionbearmount/mawexpansionbearmount.m2
732,Sarge's Tale,4178535,0.8,101536,4178365,creature/ratmounthearthstone/ratmounthearthstone.m2
733,Rampaging Mauler,inv_devourerswarmermount_dark,1,100898,3923419,creature/devourerswarmermount/devourerswarmermount.m2
734,Heartlight Vombata,inv_progenitorwombatmount,1,98895,3747902,creature/progenitorwombatmount/progenitorwombatmount.m2
735,Curious Crystalsniffer,inv_progenitorwombatmount_darkred,1,98897,3747902,creature/progenitorwombatmount/progenitorwombatmount.m2
736,Darkened Vombata,inv_progenitorwombatmount_dark,1,98896,3747902,creature/progenitorwombatmount/progenitorwombatmount.m2
737,Adorned Vombata,inv_progenitorwombatmount_red,1,98898,3747902,creature/progenitorwombatmount/progenitorwombatmount.m2
738,Anointed Protostag,inv_progenitorstagmount_darkred,1,98881,3747333,creature/progenitorstagmount/progenitorstagmount.m2
739,Sundered Zerethsteed,inv_progenitorstagmount_dark,1,98880,3747333,creature/progenitorstagmount/progenitorstagmount.m2
740,Deathrunner,inv_progenitorstagmount_red,1,98882,3747333,creature/progenitorstagmount/progenitorstagmount.m2
741,Bronze Helicid,inv_progenitorsnail_mount_bronze,1,100125,3763325,creature/progenitorsnailmount/progenitorsnailmount.m2
742,Unsuccessful Prototype Fleetpod,inv_progenitorsnail_mount_gray,1,100126,3763325,creature/progenitorsnailmount/progenitorsnailmount.m2
743,Scarlet Helicid,inv_progenitorsnail_mount_red,1,100127,3763325,creature/progenitorsnailmount/progenitorsnailmount.m2
744,Genesis Crawler,inv_progenitorspidermount_blue,1.65,98883,3684777,creature/progenitorspidermount/progenitorspidermount.m2
745,Tarachnid Creeper,inv_progenitorspidermount_dark,1.65,98884,3684777,creature/progenitorspidermount/progenitorspidermount.m2
746,Ineffable Skitterer,inv_progenitorspidermount_red,1.65,98885,3684777,creature/progenitorspidermount/progenitorspidermount.m2
747,Iskaara Trader's Ottuk,inv_riverotterlargemount01_black,1.6,102073,4093643,creature/riverotterlargemount01/riverotterlargemount01.m2
748,Colossal Ebonclaw Mawrat,inv_mawratmount_05,1,104980,4287493,creature/mawratmount/mawratmount.m2
749,Colossal Umbrahide Mawrat,inv_mawratmount_03,1,104997,4287493,creature/mawratmount/mawratmount.m2
750,Colossal Soulshredder Mawrat,inv_mawratmount_01,1,104995,4287493,creature/mawratmount/mawratmount.m2
751,Patient Bufonid,inv_pogenitortoadmount_dark,1.4,104886,3778550,creature/progenitortoadmount/progenitortoadmount.m2
752,Prototype Leaper,inv_pogenitortoadmount_darkred,1.4,104887,3778550,creature/progenitortoadmount/progenitortoadmount.m2
753,Russet Bufonid,inv_pogenitortoadmount_red,1.4,104888,3778550,creature/progenitortoadmount/progenitortoadmount.m2
754,Crusty Crawler,inv_crabmount_blue,1,104791,2395765,creature/crabmount/crabmount.m2
755,Jigglesworth Sr.,4216725,0.7,104787,4215863,creature/catslimemount/catslimemount.m2
756,Colossal Plaguespew Mawrat,inv_mawratmount_02,1,104996,4287493,creature/mawratmount/mawratmount.m2
757,Colossal Wraithbound Mawrat,inv_mawratmount_04,1,104998,4287493,creature/mawratmount/mawratmount.m2
758,Cerulean Marsh Hopper,ivn_toadloamount_blue,1,105766,1802786,creature/toadloamount/toadloamount.m2
759,Grimhowl,inv_darkhoundmount,1,105428,2016404,creature/darkhoundmount/darkhoundmount.m2
760,Elusive Emerald Hawkstrider,ability_mount_cockatricemount_green,1,106262,123275,creature/cockatrice/cockatricemount.m2
761,Subterranean Magmammoth,inv_mammoth2lavamount_blue,1,100965,4034803,creature/mammoth2lavamount/mammoth2lavamount.m2
762,Loyal Magmammoth,inv_mammoth2lavamount_orange,1,100964,4034803,creature/mammoth2lavamount/mammoth2lavamount.m2
763,Stormtouched Bruffalon,inv_moosebullmount_dark,1,100692,3952434,creature/moosebullmount/moosebullmount.m2
764,Ancient Salamanther,inv_salamanderwatermount_green,1,101165,4043985,creature/salamanderwatermount/salamanderwatermount.m2
765,Coralscale Salamanther,inv_salamanderwatermount_pink,1,101172,4043985,creature/salamanderwatermount/salamanderwatermount.m2
766,Stormhide Salamanther,inv_salamanderwatermount_purple,1,101169,4043985,creature/salamanderwatermount/salamanderwatermount.m2
767,Shellack,inv_snailmount_red,1,100758,3996205,creature/lavasnailmount/lavasnailmount.m2
768,Gooey Snailemental,inv_snailmount_blue,1,100759,3996205,creature/lavasnailmount/lavasnailmount.m2
769,Scrappy Worldsnail,inv_snailmount_yellow,1,100757,3996205,creature/lavasnailmount/lavasnailmount.m2
770,Bestowed Trawling Mammoth,inv_mammoth2mount_blue,1,100961,4034801,creature/mammoth2mount/mammoth2mount.m2
771,Mossy Mammoth,inv_mammoth2mount_green,1,100958,4034801,creature/mammoth2mount/mammoth2mount.m2
772,Plainswalker Bearer,inv_mammoth2mount_orange,1,100960,4034801,creature/mammoth2mount/mammoth2mount.m2
773,Explorer's Stonehide Packbeast,inv_thunderlizardprimal_light,1,100967,4008386,creature/thunderlizardprimalmount/thunderlizardprimalmount.m2
774,Lizi, Thunderspine Tramper,inv_thunderlizardprimal_brown,0.75,100970,4008386,creature/thunderlizardprimalmount/thunderlizardprimalmount.m2
775,Raging Magmammoth,inv_mammoth2lavamount_red,1,100963,4034803,creature/mammoth2lavamount/mammoth2lavamount.m2
776,Renewed Magmammoth,inv_mammoth2lavamount_yellow,1,107507,4034803,creature/mammoth2lavamount/mammoth2lavamount.m2
777,Otto,inv_riverotterlargemount01_blue,1.6,102074,4093643,creature/riverotterlargemount01/riverotterlargemount01.m2
778,Brown Scouting Ottuk,inv_riverotterlargemount01_brown,1.6,102075,4093643,creature/riverotterlargemount01/riverotterlargemount01.m2
779,Ivory Trader's Ottuk,inv_riverotterlargemount01_white,1.6,102076,4093643,creature/riverotterlargemount01/riverotterlargemount01.m2
780,Yellow Scouting Ottuk,inv_riverotterlargemount01_yellow,1.6,102077,4093643,creature/riverotterlargemount01/riverotterlargemount01.m2
781,Brown War Ottuk,inv_riverotterlargemount02_brown,1.6,102080,4093645,creature/riverotterlargemount02/riverotterlargemount02.m2
782,Yellow War Ottuk,inv_riverotterlargemount02_yellow,1.6,102082,4093645,creature/riverotterlargemount02/riverotterlargemount02.m2
783,Guardian Vorquin,inv_kirinmount_dark,1,108729,4280679,creature/kirinmount/kirinmount.m2
784,Majestic Armored Vorquin,inv_kirinmount_pale,1,108732,4280679,creature/kirinmount/kirinmount.m2
785,Armored Vorquin Leystrider,inv_kirinmount_blue,1,108730,4280679,creature/kirinmount/kirinmount.m2
786,Swift Armored Vorquin,inv_kirinmount_bronze,1,108731,4280679,creature/kirinmount/kirinmount.m2
787,Crimson Vorquin,inv_kirinmountdracthyr_pale,1,110112,4721987,creature/kirinmountdracthyr/kirinmountdracthyr.m2
788,Sapphire Vorquin,inv_kirinmountdracthyr_blue,1,110115,4721987,creature/kirinmountdracthyr/kirinmountdracthyr.m2
789,Bronze Vorquin,inv_kirinmountdracthyr_bronze,1,110113,4721987,creature/kirinmountdracthyr/kirinmountdracthyr.m2
790,Obsidian Vorquin,inv_kirinmountdracthyr_black,1,110114,4721987,creature/kirinmountdracthyr/kirinmountdracthyr.m2
791,Vicious Sabertooth,inv_vicioussabertoothhorde,1,106800,4525371,creature/vicioussabertooth/vicioussabertooth.m2
792,Armadillo Roller,inv_mechacycle,1,91633,2817037,creature/mechacycle/mechacycle.m2
793,Vicious War Snail,inv_vicioussnail_horde,1,112359,4616453,creature/vicioussnail/vicioussnail.m2
794,Vicious War Snail,inv_vicioussnail_alliance,1,112358,4616453,creature/vicioussnail/vicioussnail.m2
795,Felcrystal Scorpion,ability_mount_hordescorpiongreen,2.5,112606,463776,creature/hordescorpionmount/hordescorpionmount.m2
796,Valiance,ability_mount_undeadhorse,1,113069,125009,creature/mounteddeathknight/ridingundeadwarhorse.m2
797,White War Wolf,ability_mount_whitedirewolf,1.2,14336,123410,creature/direwolf/pvpridingdirewolf.m2
798,Sulfur Hound,ability_hunter_pet_corehound,1,113194,1021483,creature/corehound2/corehoundmount.m2
799,Pattie,inv_alpacamount_ivory,1,91875,2915792,creature/alpacamount/alpacamount.m2
800,Ginormous Grrloc,inv_murlocmount_purple,1,113796,3159888,creature/murlocmount/murlocmount.m2
801,Verdant Armoredon,inv_rhinoprimalmountdream,0.85,114135,5223176,creature/rhinoprimalmountdream/rhinoprimalmountdream.m2
802,Blossoming Dreamstag,inv_emeralddreamstagmount_green,1,114289,4995277,creature/emeralddreamstagmount/emeralddreamstagmount.m2
803,Suntouched Dreamstag,inv_emeralddreamstagmount_golden,1,114290,4995277,creature/emeralddreamstagmount/emeralddreamstagmount.m2
804,Rekindled Dreamstag,inv_emeralddreamstagmount_ashes,1,114292,4995277,creature/emeralddreamstagmount/emeralddreamstagmount.m2
805,Lunar Dreamstag,inv_emeralddreamstagmount_frost,1,114294,4995277,creature/emeralddreamstagmount/emeralddreamstagmount.m2
806,Shadow Dusk Dreamsaber,inv_dreamsabermount_purple,1.4,114377,5100557,creature/dreamsabermount/dreamsabermount.m2
807,Winter Night Dreamsaber,inv_dreamsabermount_blue,1.4,114374,5100557,creature/dreamsabermount/dreamsabermount.m2
808,Evening Sun Dreamsaber,inv_dreamsabermount_yellow,1.4,114375,5100557,creature/dreamsabermount/dreamsabermount.m2
809,Morning Flourish Dreamsaber,inv_dreamsabermount_green,1.4,114376,5100557,creature/dreamsabermount/dreamsabermount.m2
810,Vicious Moonbeast,inv_viciousowlbearmounthorde,1,114391,4899629,creature/viciousowlbearmount/viciousowlbearmount.m2
811,Taivan,inv_dogprimalmount,1,111720,4704229,creature/dogprimalmount/dogprimalmount.m2
812,Springtide Dreamtalon,inv_sabretoothraptormount_white,1,114893,4884014,creature/sabretoothraptormount/sabretoothraptormount.m2
813,Ochre Dreamtalon,inv_sabretoothraptormount_green,1,114906,4884014,creature/sabretoothraptormount/sabretoothraptormount.m2
814,Snowfluff Dreamtalon,inv_sabretoothraptormount_purple,1,114907,4884014,creature/sabretoothraptormount/sabretoothraptormount.m2
815,Delugen,inv_riverotterlargemount01_yellow,1.6,115245,4093643,creature/riverotterlargemount01/riverotterlargemount01.m2
816,Talont,inv_sabretoothraptormount,1,115246,4884014,creature/sabretoothraptormount/sabretoothraptormount.m2
817,Stargrazer,inv_emeralddreamstagmount_green,1,115247,4995277,creature/emeralddreamstagmount/emeralddreamstagmount.m2
818,Crimson Glimmerfur,inv_fox2_darkred,1.2,115371,3071370,creature/fox2/fox2.m2
819,Mammyth,inv_mammoth2lavamount_orange,1,115420,4034803,creature/mammoth2lavamount/mammoth2lavamount.m2
820,Salatrancer,inv_salamanderwatermount_green,1,115567,4043985,creature/salamanderwatermount/salamanderwatermount.m2
821,Gilnean Prowler,foxmounticon,1.2,116210,1338875,creature/foxmount/foxmount.m2
822,Clayscale Hornstrider,inv_tallstriderprimalmount_red,1,101162,4037529,creature/tallstriderprimalmount/tallstriderprimalmount.m2
823,Vicious Dreamtalon,inv_vicioussabretoothraptor__alliance,1,117077,5199787,creature/vicioussabretoothraptor/vicioussabretoothraptor.m2
824,Vicious Dreamtalon,inv_vicioussabretoothraptor_horde,1,117078,5199787,creature/vicioussabretoothraptor/vicioussabretoothraptor.m2
